id,name,spotify_id,thumbnail
86,J. Cole,5M0lbkGluOPXLeFjApw8r8,jzMhcP7ab3k
104,KYLE,4qBgvVog0wzW75IQ48mU7v,bqMpt1Ye79A
160,Purity Ring,1TtJ8j22Roc24e2Jx3OcU4,2dN9K8XoDm4
36,Bondax,2O2dI9lY9PnWtAa4OlrgMi,6IBKpJ7sy4k
29,Ben Howard,5K4W6rqBFWDnAN6FQUkS6x,Jg5wkZ-dJXA
128,Mat Zo & Arty,6svjZqxAUnDpZc4QVFK22q,AwLzZoB6y8A
136,Miguel,360IAlyVv4PCEVjgyMZrxK,s-BW2gKnVz8
147,Nervo,4j5KBTO4tk7up54ZirNGvK,NQq7tmwvjr8
102,Kreayshawn,51xJF4OqJPHWop1fv0VVyd,6WJFjXtHcy4
76,Garden City Movement,2YZyLoL8N0Wb9xBt1NhZWg,BwjTqaBp1jQ
120,Moon Boots,3cIXmCH7iNcslTbwrwS7zy,
130,MAX feat. Hoodie Allen,,s2_YDtKmsVA
91,Justice,1gR0gsQYfi6joyO1dlp76N,Gxu248aD6PY
40,Cajoline ,5me0Irg2ANcsgc93uaYrpb,_JZom_gVfuw
38,Breathe Carolina,41qil2VaGbD194gaEcmmyx,IwBS6QGsH_4
107,Le Youth,1Zz6NBe8UIZjm88TvehFtx,MGBj3LD-nko
64,Pell ft.Dent May,3TVXtAsR1Inumwj472S9r4,uxpDa-c-4Mc
84,Grimes,5K4W6rqBFWDnAN6FQUkS6x,Jg5wkZ-dJXA
129,Matt ,6ElYQTPVqau3RR3D8Xd2Nl,WgBeu3FVi60
119,Mac Miller feat. Casey Veggies ,,1nZKwreCVtU
140,Missy Elliot,6OitufAAfm8LigmwPnBllb,
88,Jessy Lanza,3Gm5F95VdRxW3mqCn8RPBJ,3j8ecF8Wt4E
71,Gotye,2YZyLoL8N0Wb9xBt1NhZWg,BwjTqaBp1jQ
99,Kilo Kish,7lsnwlX6puQ7lcpSEpJbZE,N385ebYi3Sw
27,Bear's Den,13ubrt8QOOCPljQ2FL1Kca,nAQVGx1vzrk
63,Disclosure,3TVXtAsR1Inumwj472S9r4,uxpDa-c-4Mc
69,Giraffage ,3TVXtAsR1Inumwj472S9r4,uxpDa-c-4Mc
139,Milky Chance,1hzfo8twXdOegF3xireCYs,r8BsuT0PWdI
59,Dawn Golden,5K4W6rqBFWDnAN6FQUkS6x,Jg5wkZ-dJXA
111,Little Jackie,2TBPRVLhhMpMPwXL1MXMmv,129pN3dobGM
49,Chordashian,5X4LWwbUFNzPkEas04uU82,I41CX0RdmPQ
100,King Krule,4wyNyxs74Ux8UIDopNjIai,hvZJI8rerWA
103,Kygo feat. Parson James,,BgfcToAjfdc
70,Goldroom,3TVXtAsR1Inumwj472S9r4,uxpDa-c-4Mc
167,Rae Sremmurd feat. Nicki Minaj and Young Thug,,fwrY0D2ACNk
30,Beyonce,51M5h0fT3o9ADIoVyB2DOp,6iZutqM8CwE
87,Jay-Z,2BQVRw9md4UKcGUrDXABCD,WwxZi_ZK0mw
144,Mr. Lies,,xc1u9X4HFAE
50,Chris Brown,5K4W6rqBFWDnAN6FQUkS6x,Jg5wkZ-dJXA
92,Kanye West,5K4W6rqBFWDnAN6FQUkS6x,Jg5wkZ-dJXA
94,Kazy Lambist,41Ue54Vb6iWx2dcdRCM6oH,KLdriwU4mxk
117,M83,63MQldklfxkjYDoUE4Tppz,a8Iqskd_Vq8
142,Moosh ,52lUXCmpmAIVsgNd1uADOy,p6QPwByNxlc
158,Pretty Lights,4iVhFmG8YCCEHANGeUUS9q,_Afy5B-rWoc
118,Mac DeMarco,3Sz7ZnJQBIHsXLUSo0OQtM,wIuBcb2T55Q
31,Big Sean,3nFkdlSjzX9mRTtwJOzDYB,BoEKWtgJQAU
18,ASAP Rocky,3KV3p5EY4AvKxOlhGHORLg,vYMxOzxKYYo
133,Metronomy,54QMjE4toDfiCryzYWCpXX,9PnOG67flRA
61,DIE ANTWOOD,3TVXtAsR1Inumwj472S9r4,uxpDa-c-4Mc
72,Great Good Fine OK,2YZyLoL8N0Wb9xBt1NhZWg,BwjTqaBp1jQ
149,Nosaj Thing and Pretty Lights,,cxa1Y71Lgyg
162,RAC feat. Matthew Koma,,37RYC5aZlRo
66,Ghost Loft,3TVXtAsR1Inumwj472S9r4,uxpDa-c-4Mc
90,Maroon 5,5gCRApTajqwbnHHPbr2Fpi,
164,Rad Omen,2jmSHT5SGq5qAFWQ62kphd,Jl0G3uH71B8
28,Beat Culture,13ubrt8QOOCPljQ2FL1Kca,nAQVGx1vzrk
41,Calvin Harris,1wiBLzTI7z9RUwEpNPdFT6,adg6iEz3-Ow
12,Anna Lunoe ,1G9G7WwrXka3Z1r7aIDjI7,gWju37TZfo0
125,Major Lazer feat. Amber,,ytIfSuy_mOA
121,Macklemore x Ryan Lewis,,fvDQy53eldY
48,Childish Gambino,3nFkdlSjzX9mRTtwJOzDYB,Z13J13zxrhc
126,Martin Garrix,60d24wfXkVzDSfLS6hyCjZ,gCYcHz2k5x0
112,Logic,4xRYI6VqpkE3UwrDrAZL8L,eIGh4Nc1fAM
127,Martin Garrix feat. Usher,,nJSdYlAFKqA
97,"Kid Cudi ft. Kanye West, Common",,Xt22KvnRSL4
138,Miley Cyrus,5YGY8feqx7naU7z4HrwZM6,LrUvu1mlWco
148,Nosaj Thing,0IVapwlnM3dEOiMsHXsghT,aPAkcB5JgYc
134,MGK ft. WAKA FLOCKA FLAME,,A_J7kEhY9sM
156,Passion Pit,7gjAu1qr5C2grXeQFFOGeh,T0RvPYRRRbE
56,Danny Brown,5K4W6rqBFWDnAN6FQUkS6x,Jg5wkZ-dJXA
137,Miles Fisher,70IDktZT57OWuwK0nOrJms,G29d6RDSK1c
166,Radical Something feat. Kinetics,,SfIBy2I13CQ
80,Edward Maya,4dpARuHxo51G3z768sgnrY,YQHsXMglC9A
226,Blackjack Billy,0kGFplMt0ZXkae40T5EVZ7,74UWc5EJJQI
35,Blood Diamonds and Grimes,3q83BMJ3Mx2NSrEcqWA3A1,hjPLkPsLxc4
22,Lawrence,5ndkK3dpZLKtBklKjxNQwT,IoBP24I2lwA
89,Marc E. Bassy,0evBopfnhhbHzmHebWTDx7,llYWjltBUPU
54,Cults,5K4W6rqBFWDnAN6FQUkS6x,Jg5wkZ-dJXA
57,David Guetta,3TVXtAsR1Inumwj472S9r4,uxpDa-c-4Mc
16,AronChupa,1l8Fu6IkuTP0U5QetQJ5Xt,5GL9JoH4Sws
183,Sasha Keeble,,OcAMZmph6j8
317,Glass Animals,4yvcSjfu4PC0CYQyLy4wSq,nOHEuhJf7nA
187,Shlomo feat. Jeremih,,
329,Florrie,2fkmfYw1KeOiDLA6MHDwU8,S9lkxJFLZ5w
257,Gnarls Barkley,5SbkVQYYzlw1kte75QIabH,
212,The Neighborhood,0jjswMR8vw4qzdzPdVfcIm,GCdwKhTtNNw
224,Young Wonder,2KJf05insFdCPlIlnYCrfn,iTkuJenFdPU
209,The Lumineers,16oZKvXb6WkQlVAjwo2Wbg,zvCBSSwgtg4
289,KYGO,23fqKkggKUBHNkbKtXEls4,sYLufX5nC30
332,Photay,1MSxOmIt7uYgvPydd1tU8F,Mw6-1zGM4wM
190,Sinead Harnett ft. Snakehips,,FnIoZsD2X84
272,FKA twigs,6nB0iY1cjSY1KyhYyuIIKH,3yDP9MKVhZc
291,Madeon feat. Passion Pit,,bQweR2QH1Io
304,Two Door Cinema Club,536BYVgOnRky0xjsPT96zl,sKyK1Mme9Sc
276,Nomadic Firs,2ag5vRuKMMFud1MtgDSies,GQpz7mT1aYw
293,Mount Kimbie,3NUtpWpGDoffm3RCGhSHtl,GRVwtSmgKP8
314,Kirk Knight,1nSpOxq3pcgomrfpXudQuq,JJGgdIB_m4c
201,T. Williams feat. TALA,,_3ZI_TGTJ0g
197,Phantogram,1l9d7B8W0IHy3LqWsxP2SH,RsQjC5zVnt8
268,Enur,1BQaZSq1KsLOZGzjG5QxRC,WL1hlzLsUaU
310,Ohana Bam,2i8526w9fGlJcGVmepDyM4,v__NaQ8xMLc
65,G-Eazy,3TVXtAsR1Inumwj472S9r4,uxpDa-c-4Mc
307,Wale ft. Gucci Mane,,j8YxSzXnZ40
319,ZHU,28j8lBWDdDSHSSt5oPlsX2,5_ARibfCMhw
288,James Blake,53KwLdlmrlCelAZMaLVZqU,5S6U_krabrk
1,Tame Impala,2KsP6tYLJlTBvSUxnwlVWa,foE1mO2yM04
284,Ibeya,,nAzjmDZD4aY
242,Jakubi,71Mm7PHNOerxK5GkaT9ACY,uX8yoT9ct6k
218,Vic Mensa,27w1NoOLMX7tJMYqcetPyG,gbcyfRztHmw
196,Sombear,4utnV0ZxDPidklLpyc4JAC,aSjCJdRFbpk
241,Silento,7juKTDFlPesGeWQ1GmjmOv,vjW8wmF5VWc
322,Never Say Never,4mvYS48EvFYVwkE8zeGJa6,U0eS3zC3Jco
202,T. Williams ft. Tendai,,SPXWK_7nXuc
331,Marian Hill,1xHQO9GJIW9OXHxGBISYc5,upEX2JMp3c0
171,Rihanna feat. Jay-Z,,CvBfHwUxHIk
188,Shlomo fet. Jeremih,,K0YgU75_ZG0
172,Rizzle Kicks,2ajhZ7EA6Dec0kaWiKCApF,8ip8OsExLJs
193,Snakehips,2FwJwEswyIUAljqgjNSHgP,EWb8oUwubWg
273,Flatbush Zombies,1dqGS5sT6PE2wEvP1gROZC,kfzRXseSBIM
249,Tei Shi,1xcMOgFUM1IYZE22YjCvsL,zZ7PVig8qyA
213,The Shins,4LG4Bs1Gadht7TCrMytQUO,RoLTPcD1S4Q
298,The Wombats,0Ya43ZKWHTKkAbkoJJkwIB,9MHmx9nvHqU
244,BORNS,1KP6TWI40m7p3QBTU6u2xo,L4GrDOOIIbk
254,Miami Horror,0Z5pcmXDCKTrFWLnDChC37,jna2r56EXTg
176,Rock U Tonight,,_FD5u2TO-f8
278,Ground Up,0p1CrPBclXVis7VD4gtFri,0UjAf6ubC5M
306,Vince Staples,68kEuyFKyqrdQQLLsmiatm,NJLfCBBcZAo
247,Klangkarussell,041iTeoMIwXMlShuQPIVKo,79YDgv_zWA4
290,Luke Million,1khu4DLsGK5MWLbUlfKkgz,qJdMjRHRLfg
163,RAC feat. Penguin Prison,,yju0tRxfGGY
302,Trinidad James,0I5HubncQ8E1MFZOlPDY4J,NK2FqPNIT_U
283,Hozier,2FXC3k01G6Gw61bmprjgqS,MYSVMgRr6pw
264,Benny Benassi,4Ws2otunReOa6BbwxxpCt6,JPtQ4K-evBo
208,The Knocks feat. Powers,,emOKaGi8u5U
223,Young Dreams,5szE6146yjBAZgiq3ekt11,2CAF26JV9qs
323,New Navy,5ypIMlORxA9iDgQdJXi0ZO,c3BFUVzRtMo
327,Years and Years,5vBSrE1xujD2FXYRarbAXc,H3T2RnTBp_4
232,The Kooks,1GLtl8uqKmnyCWxHmw9tL4,3tUh-x-fp8Q
271,Fetty Wap,6PXS4YHDkKvl1wkIl4V8DL,i_kF4zLNKio
253,Major Lazer,738wLrAtLtCtFOLvQBXOXp,iNPqddkkcI4
318,Sevdaliza,5MraexJKZDrQYzS98kNwie,koAtzvSBvfE
256,Gorillaz,3AA28KZvwAUcZuOKwyblJQ,
192,Slow Magic,3htNAy3vYWWYV8RZFeyRMT,fT50k14Rc9A
200,Sylvan Esso,39vA9YljbnOApXKniLWBZv,Qr5AIKRPIHo
300,Washed Out,5juOkIIy18sFw9L30syt1Z,HEBb3GxubAc
186,Shlomo,2W0dQPsEPd0tz7cj95gUse,tv8Se8xSMiw
296,The Flaming Lips,16eRpMNXSQ15wuJoeqguaB,ZdDHi5SSIlM
174,Robin Thicke feat. Pharrell Williams,,_VTY8ftr1vY
204,Tame Impala,5INjqkS1o8h1imAzPqGZBb,BgK_Er7WZVg
305,Tyga ft. Lil Wayne,,LbouTdwOrVw
275,Flying Lotus,29XOeO6KIWxGthejQqn793,2uCyv05SG1g
280,HAIM,4Ui2kfOqGujY81UcPrb5KE,AIjVpRAXK18
320,Major Laser,,GZSsOEqgm0c
189,Shwayze,6f0hUHWLOCxCSDQMtdVAS7,_sDflY5UfRo
234,Yeah Yeah Yeahs,3TNt4aUIxgfy9aoaft5Jj2,oIIxlgcuQRU
255,Twenty One Pilots,3YQKmKGau1PzlVlkL1iodx,pXRviuL6vMY
281,Henry Krinkle,1gLcjMrQA0camEmid1nBHO,1Rv6KCBI3vg
205,Taylor Swift,06HL4z0CvFAxyc27GXpf02,e-ORhEE9VVg
292,Matt Easton,6A7BMVAmKqMDXcFb9T7wB7,ktIgwt92WNA
229,Odesza feat. Zyra,,QMssNXBCCl0
9,Will Smith,6BKSRVMfQ6Aeux4rKG1h9H,qYqjOcsXjMI
60,Death Cab For Cutie,3TVXtAsR1Inumwj472S9r4,uxpDa-c-4Mc
221,Yeasayer,04HvbIwBccFmRie5ATX4ft,JyBl5ZgnEr4
165,Radical Something,2UohZ1T4H9BwBb5lYgZodI,wPNa9YddRqs
173,Robin Thicke,0ZrpamOxcZybMHGg1AYtHP,
251,ABRA,3ZJxEmjYZd5VOqZ8o3aXiL,CI1g4dnDtao
21,Azealia Banks,7pXu47GoqSYRajmBCjxdD6,d5K3UgrPdbQ
246,Connan Mockasin,247AfC9pLuqwgpH8Mo96oA,Teyy1A_AJso
17,ASAP Ferg,4gzpq5DPGxSnKTe4SA8HAU,BPNTC7uZYrI
89,Jonas Rathsman,0evBopfnhhbHzmHebWTDx7,llYWjltBUPU
83,Fyfe,7pXu47GoqSYRajmBCjxdD6,d5K3UgrPdbQ
146,Naughty Boy feat. Sam Smith,,3O1_3zBUKM8
81,Edward Sharpe,69GGBxA162lTqCwzJG5jLp,PT2_F-1esPk
179,Rustie,6YGu0Rv2120wkc4AXZSGgl,tSOUR7fi0eE
101,Klingande,1L9i6qZYIGQedgM9QLSyzb,b6vSf0cA9qY
313,Nyck Caution,1ZyUXvaBXUsIZ3JD6jYGkt,#NAME?
170,Rich Boy,6mXlDbi03T8wXYwWYew0Ut,pudIZbCRq_c
32,Big Tymers,6YGu0Rv2120wkc4AXZSGgl,tSOUR7fi0eE
20,Avicii,6mA4csYsYvf4Mq02PleZEV,65oZD-7gJYE
24,D.R.A.M.,0OdUWJ0sBjDrqHygGUXeCF,cuZo7pLnL7c
108,Lil Dicky,1tqhsYv8yBBdwANFNzHtcr,LlU4FuIJT2k
337,Faul & Wad Ad,6HUm6AHJE0oisACMN6NNJ5,6_tyPKUZumw
303,Two Door Cinema,536BYVgOnRky0xjsPT96zl,YXwYJyrKK5A
214,The Weeknd,1Xyo4u8uXC1ZmMpatF05PJ,ZXBcwyMUrcU
1,Mike Posner,2KsP6tYLJlTBvSUxnwlVWa,foE1mO2yM04
326,Schoolboy Q,5IcR3N7QB1j6KBL8eImZ8m,rEMsjeq43_U
78,Earl Sweatshirt,4LLpKhyESsyAXpc4laK94U,erpGx3zf6uQ
62,Dirty Projectors,3TVXtAsR1Inumwj472S9r4,uxpDa-c-4Mc
269,DJ Ele,7e6jk7372ZYxljtCajhOQm,ViPQ-RIPmKk
203,T.I.,4OBJLual30L7gRl5UkeRcT,U6z_cilnJzg
90,Juicy J.,5gCRApTajqwbnHHPbr2Fpi,
341,Skee-Lo,55Pp4Ns5VfTSFsBraW7MQy,ryDOy3AosBw
22,B.o.B,5ndkK3dpZLKtBklKjxNQwT,IoBP24I2lwA
153,Of Monsters and Men,4dwdTW1Lfiq0cM8nBAqIIz,ghb6eDopW8I
238,Mac Miller Ft. Miguel,,N29-54dhVHg
245,NoMBe,5Lhxlge1CR1DrgDAje8Qaw,yjcS674AgOQ
299,Tycho,5oOhM2DFWab8XhSdQiITry,k9F9fuJLZoM
210,The Maccabees,0vW8z9pZMGCcRtGPGtyqiB,Rcp8SE_FxBg
220,Years ,5vBSrE1xujD2FXYRarbAXc,BrjhkRIsAiw
325,Ratatat,57dN52uHvrHOxijzpIgu3E,KhrteSZXFzM
135,MGMT,0SwO7SWeDHJijQ3XNS7xEE,MmZexg8sxyk
113,Lupe Fiasco,01QTIT5P1pFP3QnnFSdsJf,S77zUWqawag
98,Kiesza,4zxvC7CRGvggq9EWXOpwAo,kwxIFk3tZSI
110,Lips,16eRpMNXSQ15wuJoeqguaB,C169fjEBC3o
116,M.I.A.,0QJIPDAEDILuo8AIq3pMuU,ewRjZoRtu0Y
132,Melody's Echo Chamber,1S0vL284jxZYKtZQ2jsQ2X,v29I0srhPwg
95,Kendrick Lamar,2YZyLoL8N0Wb9xBt1NhZWg,BwjTqaBp1jQ
287,Hayden James,4csQIMQm6vI2A2SCVDuM2z,MfttyNSCI-g
34,Blood Diamond,3Y7RZ31TRPVadSFVy1o8os,9lRrg5DlUu8
297,the Postal Service,5yV1qdnmxyIYiSFB02wpDj,0wrsZog8qXg
46,Chet Faker,69GGBxA162lTqCwzJG5jLp,PT2_F-1esPk
236,Valentino Khan,0deIjoDjl9g9Zpw0sCIOHh,1wl5BbUg05M
151,O.T. Genesis,3fK1mffLpVDraqC0rPa017,6vYnas6q3Sg
240,Daye Jack,0LSjb1pZ3uHwuvIaVzhdyT,v6TFe9qzErI
175,Robots Don't Sleep,4J4MSynCpeuNCLIoxttRUP,jhKJ7TYugXE
282,Hoodie Allen,382aq8Pij5V2nE2JMHMoxl,vQDqpxFw4LU
342,T-Pain,3aQeKQSyrW4qWr35idm0cy,dBrRBZy8OTs
68,Giraffage,2YZyLoL8N0Wb9xBt1NhZWg,BwjTqaBp1jQ
93,Kavinsky,0UF7XLthtbSF2Eur7559oV,TEFKZ-7x7xU
43,Casey Veggies,7CajNmpbOovFoOoasH2HaY,cl3b7dDBLpo
168,Red Hot Chili Peppers,0L8ExT028jH3ddEcZwqJJ5,YlUKcNNmywk
191,SKRILLEX,5he5w2lnU9x7JFhnwcekXX,YJVmu6yttiw
79,Ed Sheeran ,4LLpKhyESsyAXpc4laK94U,erpGx3zf6uQ
10,Andrew Rayel,5spEJXLwD1sKUdC2bnOHPg,PArF9k2SbQk
26,Beach House,1anyVhU62p31KFi8MEzkbf,DVkkYlQNmbc
155,Panama,3W9UldYu0xJcaOAw2SUTDI,YMKZIaIN7O4
37,Breach,5spEJXLwD1sKUdC2bnOHPg,PArF9k2SbQk
77,Drake,6mA4csYsYvf4Mq02PleZEV,65oZD-7gJYE
82,Foster The People,6aaMZ3fcfLv4tEbmY7bjRM,nppKPgdc_u0
105,Lana Del Rey,00FQb4jTyendYWaN8pK0wa,4knuoIAWweA
19,Asher Roth,4dpARuHxo51G3z768sgnrY,YQHsXMglC9A
33,Blockhead,6vWDO969PvNqNYHIOW5v0m,2XY3AvVgDns
39,Brothertiger,1G9G7WwrXka3Z1r7aIDjI7,gWju37TZfo0
182,Santigold,6Jrxnp0JgqmeUX1veU591p,mIMMZQJ1H6E
340,Bahamas,4C50EbCS11M0VbGyH3OfLt,BPkMh7bR4PE
152,Odesza,21mKp7DqtSNHhCAU2ugvUw,tjjIWpGRMf0
336,Julio Bashmore,0WAZJYudbUpl0EOjvdrnRG,RnGCoQe-hzU
123,Madeon,4pb4rqWSoGUgxm63xmJ8xc,B496Qv0CuOQ
23,Bag Raiders,6O4EGCCb6DoIiR6B1QCQgp,ILvMOC4H9EM
51,Chris Malinchak,5K4W6rqBFWDnAN6FQUkS6x,Jg5wkZ-dJXA
150,Nosaj Thing feat. Toro Y Moi,1mGkUzJjz2dOU6sa6ie1hT,GK8mtokmoaQ
42,Carnage,3Y7RZ31TRPVadSFVy1o8os,9lRrg5DlUu8
206,The Japanese Popstars,5F8v5xSIGtfukNxq0Jqgwh,LQ_LUoLTKLo
52,Cleavage,5K4W6rqBFWDnAN6FQUkS6x,Jg5wkZ-dJXA
11,Animal Collective,3q83BMJ3Mx2NSrEcqWA3A1,hjPLkPsLxc4
6,AfroJack and Steve Aoki,3Y7RZ31TRPVadSFVy1o8os,9lRrg5DlUu8
73,Grizzly Bear,2YZyLoL8N0Wb9xBt1NhZWg,BwjTqaBp1jQ
67,Gigamesh,2YZyLoL8N0Wb9xBt1NhZWg,BwjTqaBp1jQ
154,OneRepublic,5Pwc4xIPtQLFEnJriah9YJ,dLa_ryRjC7M
96,Kid Cudi feat. Ratatat,,7xzU9Qqdqww
263,Andrea Balency,19WKgM9hPs6GwwBciAyxYF,Fdtv3vNhuMM
194,"Snoop Dogg, Pharrell Williams",,
45,Joey Bada$$,2P5sC9cVZDToPxyomzF1UH,stoLqWXsIOY
266,Dada Life,00sAT5YX8W3xNd1EuqyHw9,KJRaKhURMEA
286,Phoebe Ryan,4N874uPqBka1QiCvnCVOtr,2fsdNJAzLuU
131,Meghan Trainor,6JL8zeS1NmiOftqZTRgdTz,7PCkvCPvDXk
207,The Killers,0C0XlULifJtAgn6ZNCW2eu,Wv2AQahZwMc
309,Woodkid,44TGR1CzjKBxSHsSEy7bi9,vSkb0kDacjs
159,Pumped Up Kicks,2pKTcdQZmt4EHGV4QIqdn0,SDTZ7iX4vTQ
227,Pell,2O2dI9lY9PnWtAa4OlrgMi,6IBKpJ7sy4k
54,Kanye West,5K4W6rqBFWDnAN6FQUkS6x,Jg5wkZ-dJXA
106,Late Night Alumni,6JtFllJR7nhh8fa6oGefSj,a0BEDnYkGmc
64,Drake,3TVXtAsR1Inumwj472S9r4,uxpDa-c-4Mc
262,Alice Russell,1ga4lWS7NtKo4r9jNSWumc,
25,Milk & Bone,4fmvA5uVlZUNsje29D1PaW,BPb3j7Dkn5o
8,The Notorious B.I.G.,2VAnyOxzJuSAj7XIuEOT38,cmXZuv5BaHg
8,AlunaGeorge,2VAnyOxzJuSAj7XIuEOT38,cmXZuv5BaHg
11,Greg Street,3q83BMJ3Mx2NSrEcqWA3A1,hjPLkPsLxc4
35,Greg Street,3q83BMJ3Mx2NSrEcqWA3A1,hjPLkPsLxc4
250,Mura Masa,5Q81rlcTFh3k6DQJXPdsot,fyv5CBCnx6Q
4,Milk & Bone,7BMccF0hQFBpP6417k1OtQ,58RSC7HO9aU
13,Arcade Fire,1wiBLzTI7z9RUwEpNPdFT6,adg6iEz3-Ow
74,Duck Sauce,3KV3p5EY4AvKxOlhGHORLg,vYMxOzxKYYo
3,Kanye West,17lzZA2AlOHwCwFALHttmp,2reEeG2Ho_g
85,INTUITION ,6O4EGCCb6DoIiR6B1QCQgp,ILvMOC4H9EM
53,Coconut Records,5K4W6rqBFWDnAN6FQUkS6x,Jg5wkZ-dJXA
5,Isaiah Rashad,5kp9Qhzri9LrDkzrtjt5Sh,86vDxRr2ELA
270,Eric Prydz,5sm0jQ1mq0dusiLtDJ2b4R,ioq_t_GHBtg
248,The Chemical Brothers,1GhPHrq36VKCY3ucVaZCfo,BC2dRkm8ATU
80,Adele,4dpARuHxo51G3z768sgnrY,YQHsXMglC9A
46,The Chainsmokers,69GGBxA162lTqCwzJG5jLp,PT2_F-1esPk
6,Her,3Y7RZ31TRPVadSFVy1o8os,9lRrg5DlUu8
73,Kendrick Lamar,2YZyLoL8N0Wb9xBt1NhZWg,BwjTqaBp1jQ
67,Kendrick Lamar,2YZyLoL8N0Wb9xBt1NhZWg,BwjTqaBp1jQ
277,Action Bronson feat. Chance The Rapper,,bVP_w1rQweE
157,Pogo,1ng3xz2dyz57Z1WpnzM2G7,pAwR6w2TgxY
109,Lil Wayne,55Aa2cqylxrFIXC767Z865,_y_Xpps46Uc
36,Pell,2O2dI9lY9PnWtAa4OlrgMi,6IBKpJ7sy4k
4,Action Bronson,7BMccF0hQFBpP6417k1OtQ,58RSC7HO9aU
211,The Magician,4WUGQykLBGFfsl0Qjl6TDM,TFXlWfzW9Uo
145,Mt. Eden,3YAy9OUnnRsk2JLTaOLcw2,j37SniohwFA
12,OutKast,1G9G7WwrXka3Z1r7aIDjI7,gWju37TZfo0
181,San Cisco,0Ou0138wEd8XWebhc4j7O0,cLCaVZ3fmU0
237,OMI,5MouCg6ta7zAxsfMEbc1uh,jGflUbPQfW8
13,Mase,1wiBLzTI7z9RUwEpNPdFT6,adg6iEz3-Ow
217,Toro Y Moi,6O4EGCCb6DoIiR6B1QCQgp,O0_ardwzTrA
219,Son Lux,3kZdsaTYgaaolNxpnJ4iDe,yRyMoyRPrr8
26,Chance The Rapper,1anyVhU62p31KFi8MEzkbf,DVkkYlQNmbc
14,Arctic Monkeys,5X4LWwbUFNzPkEas04uU82,I41CX0RdmPQ
7,Alt-J,51M5h0fT3o9ADIoVyB2DOp,6iZutqM8CwE
2,Mac Miller,13ubrt8QOOCPljQ2FL1Kca,nAQVGx1vzrk
55,Kanye West,4tZwfgrHOc3mvqYlEYSvVi,LKYPYj2XX80
44,Charli XCX,1l8Fu6IkuTP0U5QetQJ5Xt,5GL9JoH4Sws
143,Mount Kimbie feat. King Krule,,aVBH1qIqe7Y
295,Swedish House Mafia,1h6Cn3P4NGzXbaXidqURXs,PDboaDrHGbA
169,Rhye,2AcUPzkVWo81vumdzeLLRN,sng_CdAAw8M
25,Basement Jaxx,4fmvA5uVlZUNsje29D1PaW,BPb3j7Dkn5o
10,Bone Thugs-N-Harmony,5spEJXLwD1sKUdC2bnOHPg,PArF9k2SbQk
215,Theophilus London,4EMtGVFvfCSrEmWaGV0roE,2WRuDAasz-8
161,QuESt,09hVIj6vWgoCDtT03h8ZCa,AgueBRR8yLk
14,DVBBS,5X4LWwbUFNzPkEas04uU82,I41CX0RdmPQ
243,Galantis,4sTQVOfp9vEMCemLw50sbu,xUVz4nRmxn4
259,Thundercat,4frXpPxQQZwbCu3eTGnZEw,GNCd_ERZvZM
339,Cashmere Cat,2LZDXcxJWgsJfKXZv9a5eG,be-LbSaEzZQ
7,ursa major,51M5h0fT3o9ADIoVyB2DOp,6iZutqM8CwE
37,Bone Thugs-N-Harmony,5spEJXLwD1sKUdC2bnOHPg,PArF9k2SbQk
56,Kanye West,5K4W6rqBFWDnAN6FQUkS6x,Jg5wkZ-dJXA
77,20syl,6mA4csYsYvf4Mq02PleZEV,65oZD-7gJYE
47,Coldplay,4gzpq5DPGxSnKTe4SA8HAU,BPNTC7uZYrI
27,A$AP Rocky,13ubrt8QOOCPljQ2FL1Kca,nAQVGx1vzrk
66,Drake,3TVXtAsR1Inumwj472S9r4,uxpDa-c-4Mc
124,MAGIC!,0DxeaLnv6SyYk2DOqkLO8c,PIh2xe4jnpk
261,20syl,6mA4csYsYvf4Mq02PleZEV,65oZD-7gJYE
199,Sun Glitters,4KEI2PqhlvbAdqlolRTTrp,LgzBM7EeR7o
28,A$AP Rocky,13ubrt8QOOCPljQ2FL1Kca,nAQVGx1vzrk
141,MO,0bdfiayQAKewqEvaU6rXCv,ALFu4D5NGbg
233,XXYYXX,1iqXhsjGeWi2Gje5q0mFYb,T-UIlx65E58
216,Theophilus London feat. Sara Quin,7DUuTYrlor8Jc21q3qrbvE,HChafej1nbo
2,A$AP Rocky,13ubrt8QOOCPljQ2FL1Kca,nAQVGx1vzrk
285,Iggy Azalea,5yG7ZAZafVaAlMTeBybKAL,_zR6ROjoOX0
15,The Chainsmokers,69GGBxA162lTqCwzJG5jLp,PT2_F-1esPk
38,Will Smith,41qil2VaGbD194gaEcmmyx,IwBS6QGsH_4
83,Vulfpeck,7pXu47GoqSYRajmBCjxdD6,d5K3UgrPdbQ
78,Mac Miller,4LLpKhyESsyAXpc4laK94U,erpGx3zf6uQ
71,Kendrick Lamar,2YZyLoL8N0Wb9xBt1NhZWg,BwjTqaBp1jQ
48,Jay Z,3nFkdlSjzX9mRTtwJOzDYB,Z13J13zxrhc
57,Drake,3TVXtAsR1Inumwj472S9r4,uxpDa-c-4Mc
65,Drake,3TVXtAsR1Inumwj472S9r4,uxpDa-c-4Mc
328,Jasmine Thompson,2TL8gYTNgD6nXkyuUdDrMg,fyG9La0PAsM
75,Flight Facilities,2YZyLoL8N0Wb9xBt1NhZWg,BwjTqaBp1jQ
75,Kendrick Lamar,2YZyLoL8N0Wb9xBt1NhZWg,BwjTqaBp1jQ
16,Fifth Harmony,1l8Fu6IkuTP0U5QetQJ5Xt,5GL9JoH4Sws
49,DVBBS,5X4LWwbUFNzPkEas04uU82,I41CX0RdmPQ
29,Kanye West,5K4W6rqBFWDnAN6FQUkS6x,Jg5wkZ-dJXA
81,The Chainsmokers,69GGBxA162lTqCwzJG5jLp,PT2_F-1esPk
59,Kanye West,5K4W6rqBFWDnAN6FQUkS6x,Jg5wkZ-dJXA
274,Flux Pavilion,7muzHifhMdnfN1xncRLOqk,RRNqRuyFSXk
178,Royksopp,5nPOO9iTcrs9k6yFffPxjH,mpKVXTMGWEc
239,Yo Gotti,6Ha4aES39QiVjR0L2lwuwq,fKurEvAW4O0
198,St. Lucia,5WId4o5jdGVhptNU0uqKxu,7HPMK9Uxq3I
222,YONAS,6gWsNpg9lhVbimwQ8bP5K1,xvGStAFxXfs
294,Shura,1qpR5mURxk3d8f6mww6uKT,x2AOjb9HW2E
88,amine,3Gm5F95VdRxW3mqCn8RPBJ,3j8ecF8Wt4E
39,OutKast,1G9G7WwrXka3Z1r7aIDjI7,gWju37TZfo0
122,Maddslinky,2x0dOrL0VF03TCmuYWC0jp,GjeM73Kx8nk
228,Flume,6nxWCVXbOlEVRexSbLsTer,IfLqsNRkBIo
9,Ambassadeurs,6BKSRVMfQ6Aeux4rKG1h9H,qYqjOcsXjMI
47,Chief WaKil,4gzpq5DPGxSnKTe4SA8HAU,BPNTC7uZYrI
23,Toro y Moi,6O4EGCCb6DoIiR6B1QCQgp,ILvMOC4H9EM
40,The Notorious B.I.G.,5me0Irg2ANcsgc93uaYrpb,_JZom_gVfuw
69,Drake,3TVXtAsR1Inumwj472S9r4,uxpDa-c-4Mc
30,ursa major,51M5h0fT3o9ADIoVyB2DOp,6iZutqM8CwE
84,Kanye West,5K4W6rqBFWDnAN6FQUkS6x,Jg5wkZ-dJXA
180,Ryan Hemsworth,2CgysNw5B7rFNRtRjQbPZ9,Y7y0iEQ_4iE
301,Touch Sensitive,2OC53Inn0G9QwWM7CM0G5Z,1uXrXTSASK0
50,Kanye West,5K4W6rqBFWDnAN6FQUkS6x,Jg5wkZ-dJXA
61,Drake,3TVXtAsR1Inumwj472S9r4,uxpDa-c-4Mc
279,Guru Josh Project,4ME85YvMUi1hdqhbind7gy,jzy2dgEUOhY
312,Joey Bada$$,2P5sC9cVZDToPxyomzF1UH,stoLqWXsIOY
324,RAC feat. Kele and MNDR,,SeXBiXcEBkY
184,SBTRKT,1O10apSOoAPjOu6UhUNmeI,_x6DmYxnBaI
55,Daft Punk,4tZwfgrHOc3mvqYlEYSvVi,LKYPYj2XX80
252,Lorn,1PmVyfIR9KtCxbHWuga8E5,nxg4C365LbQ
86,D.R.A.M.,5M0lbkGluOPXLeFjApw8r8,jzMhcP7ab3k
17,Coldplay,4gzpq5DPGxSnKTe4SA8HAU,BPNTC7uZYrI
74,Jeremih,3KV3p5EY4AvKxOlhGHORLg,vYMxOzxKYYo
177,Royal Blood,2S5hlvw4CMtMGswFtfdK15,
343,KAYTRANADA,6qgnBH6iDM91ipVXv28OMu,yaWesK-nWts
51,Kanye West,5K4W6rqBFWDnAN6FQUkS6x,Jg5wkZ-dJXA
3,2 Chainz,17lzZA2AlOHwCwFALHttmp,2reEeG2Ho_g
60,Drake,3TVXtAsR1Inumwj472S9r4,uxpDa-c-4Mc
85,Toro y Moi,6O4EGCCb6DoIiR6B1QCQgp,ILvMOC4H9EM
31,JAY Z,3nFkdlSjzX9mRTtwJOzDYB,BoEKWtgJQAU
316,G-Eazy x Bebe Rexha,,bSfpSOBD30U
41,Mase,1wiBLzTI7z9RUwEpNPdFT6,adg6iEz3-Ow
235,Tyler The Creator,4V8LLVI7PbaPR0K2TGSxFF,XIqVCJWSoeE
267,Daughter,46CitWgnWrvF9t70C2p1Me,2QT5eGHCJdE
18,Jeremih,3KV3p5EY4AvKxOlhGHORLg,vYMxOzxKYYo
230,Fever the Ghost,02Bl8I5jXlMRfDSL5swBOm,9RHFFeQ2tu4
321,Miami Horror ft. Sarah Chernoff,,dDIJ-jqYulI
315,Casey Derhak,0qicmcksSgl25MyyyH2XKx,#NAME?
330,D.R.A.M.,5M0lbkGluOPXLeFjApw8r8,jzMhcP7ab3k
70,Drake,3TVXtAsR1Inumwj472S9r4,uxpDa-c-4Mc
265,Kimbra,6hk7Yq1DU9QcCCrz9uc0Ti,elyk9MBY72U
87,Lawrence,2BQVRw9md4UKcGUrDXABCD,WwxZi_ZK0mw
311,Wes Walker & Dyl,,oy4n88CjiBY
32,Rustie,6YGu0Rv2120wkc4AXZSGgl,tSOUR7fi0eE
260,Cyril Hahn,4EFMHRFpgrpfp0AVEBp4m2,NGBeLPJTLzE
19,Adele,4dpARuHxo51G3z768sgnrY,YQHsXMglC9A
42,Her,3Y7RZ31TRPVadSFVy1o8os,9lRrg5DlUu8
52,Kanye West,5K4W6rqBFWDnAN6FQUkS6x,Jg5wkZ-dJXA
62,Drake,3TVXtAsR1Inumwj472S9r4,uxpDa-c-4Mc
58,David Hasselhoff,5K4W6rqBFWDnAN6FQUkS6x,Jg5wkZ-dJXA
185,SchoolBoy Q ft. Kendrick Lamar,,_L2vJEb6lVE
333,ILoveMakonnen,3aGFCoR8xGN6DKwvdzeSja,avFq9errZCk
225,Zedd,2qxJFvFYMEDqd7ui6kSAcq,IxxstCcJlsc
45,Cherub,2P5sC9cVZDToPxyomzF1UH,stoLqWXsIOY
335,Jamie xx,7A0awCXkE1FtSU8B0qwOJQ,BjLBB-TMa84
258,Chance the Rapper,1anyVhU62p31KFi8MEzkbf,i4ooH8frBWg
308,Weezer,3jOstUTkEu2JkjvRdBA5Gu,erG5rgNYSdk
20,20syl,6mA4csYsYvf4Mq02PleZEV,65oZD-7gJYE
76,Kendrick Lamar,2YZyLoL8N0Wb9xBt1NhZWg,BwjTqaBp1jQ
338,2Pac,1ZwdS5xdxEREPySFridCfh,mVObfpaR2_I
63,Drake,3TVXtAsR1Inumwj472S9r4,uxpDa-c-4Mc
24,Band of Horses,0OdUWJ0sBjDrqHygGUXeCF,cuZo7pLnL7c
43,Calvin Harris,7CajNmpbOovFoOoasH2HaY,cl3b7dDBLpo
82,Isaiah Rashad,6aaMZ3fcfLv4tEbmY7bjRM,nppKPgdc_u0
33,Beyonce,6vWDO969PvNqNYHIOW5v0m,2XY3AvVgDns
53,Kanye West,5K4W6rqBFWDnAN6FQUkS6x,Jg5wkZ-dJXA
114,Lykke Li,6oBm8HB0yfrIc9IHbxs6in,nskaoVf8PPM
231,C2C,28INUgyzTTRbvSphrJbgZ2,2b03hoW0TKc
15,Aer,69GGBxA162lTqCwzJG5jLp,PT2_F-1esPk
58,Kanye West,5K4W6rqBFWDnAN6FQUkS6x,Jg5wkZ-dJXA
79,Mac Miller,4LLpKhyESsyAXpc4laK94U,erpGx3zf6uQ
195,SOHN,6XZYAWJLL8UIbxAqjKj3cg,C6zv_5zGEso
72,Kendrick Lamar,2YZyLoL8N0Wb9xBt1NhZWg,BwjTqaBp1jQ
34,Her,3Y7RZ31TRPVadSFVy1o8os,9lRrg5DlUu8
44,Fifth Harmony,1l8Fu6IkuTP0U5QetQJ5Xt,5GL9JoH4Sws
115,M Machine,62rW7FjQy7clhBDHuumg22,RZNvjaJZVMg
21,Vulfpeck,7pXu47GoqSYRajmBCjxdD6,d5K3UgrPdbQ
68,Kendrick Lamar,2YZyLoL8N0Wb9xBt1NhZWg,BwjTqaBp1jQ
5,Adrian Lux,5kp9Qhzri9LrDkzrtjt5Sh,86vDxRr2ELA
334,Capital Cities,4gwpcMTbLWtBUlOijbVpuu,CJinWua98NA
