id,vid,name,artist,genre,tags,created_at,updated_at,staff,likes,director,lists
1,NK2FqPNIT_U,All Gold Everything,Trinidad James,Rap,hood/thug/hip-hop/atlanta,,2015-09-29 03:48:19.923941,0,0,,""
19,30RLLTGrgxU,Sauna,Casey Veggies,Rap,sauna/steam/hip-hop,,2015-09-29 03:48:19.923941,0,0,,""
20,L4GrDOOIIbk,"10,000 Emerald Pools",BORNS,Alternative,water/pool/swimming,,2015-09-29 03:48:19.923941,0,0,,""
25,s-BW2gKnVz8,Do You,Miguel,,,,2015-09-29 03:48:19.923941,0,0,,""
29,Y7y0iEQ_4iE,Snow in Newark,Ryan Hemsworth,,,,2015-09-29 03:48:19.923941,0,0,,""
34,b7xRNspm1Sg,With You,Flight Facilities,,,,2015-09-29 03:48:19.923941,0,0,,""
36,PDboaDrHGbA,Greyhound,Swedish House Mafia,,,,2015-09-29 03:48:19.923941,0,0,,""
37,jzy2dgEUOhY,Infinity,Guru Josh Project,,,,2015-09-29 03:48:19.923941,0,0,,""
38,93HWMspjxqI,One in a Million,Andrew Rayel feat. Johnathan Mendelsohn,,,,2015-09-29 03:48:19.923941,0,0,,""
42,ebXbLfLACGM,Summer,Calvin Harris,,,,2015-09-29 03:48:19.923941,0,0,,""
43,akhmS1D2Ce4,"Summertime Sadness (Cedric Gervais Remix),",Lana Del Rey,,,,2015-09-29 03:48:19.923941,0,0,,""
44,IxxstCcJlsc,Clarity,Zedd,,,,2015-09-29 03:48:19.923941,0,0,,""
45,Jrd25gjyDhE,Seek Bromance,Avicii,,,,2015-09-29 03:48:19.923941,0,0,,""
46,TFXlWfzW9Uo,Sunlight,The Magician,,,,2015-09-29 03:48:19.923941,0,0,,""
47,bkk2H3Ztrfk,White Noise,Disclosure,,,,2015-09-29 03:48:19.923941,0,0,,""
48,KJRaKhURMEA,Happy Violence,Dada Life,,,,2015-09-29 03:48:19.923941,0,0,,""
49,AwLzZoB6y8A,Mozart,Mat Zo & Arty,,,,2015-09-29 03:48:19.923941,0,0,,""
51,ksocjhxX_DQ,No Beef,AfroJack and Steve Aoki,,,,2015-09-29 03:48:19.923941,0,0,,""
52,86vDxRr2ELA,Teenage Crimes,Adrian Lux,,,,2015-09-29 03:48:19.923941,0,0,,""
53,Wv2AQahZwMc,"Shot at Night (Cazzette Remix),",The Killers,,,,2015-09-29 03:48:19.923941,0,0,,""
54,MGBj3LD-nko,Cool,Le Youth,,,,2015-09-29 03:48:19.923941,0,0,,""
55,Ra9lFNglvIQ,All My Life,Gigamesh,,,,2015-09-29 03:48:19.923941,0,0,,""
57,NyPtlOoCmV4,My Friends Never Die,Odesza,,,,2015-09-29 03:48:19.923941,0,0,,""
59,JtH68PJIQLE,Oblivion,Grimes,,,,2015-09-29 03:48:19.923941,0,0,,""
60,JPIhUaONiLU,Often,The Weeknd,,,,2015-09-29 03:48:19.923941,0,0,,""
63,3Hv1DElPXV0,Tell Me,Giraffage,,,,2015-09-29 03:48:19.923941,0,0,,""
64,hZf_xexzN74,Cold Nights,Chordashian,,,,2015-09-29 03:48:19.923941,0,0,,""
68,JI6fDb6IBmU,Foreign Language,Flight Facilities,,,,2015-09-29 03:48:19.923941,0,0,,""
69,A6lPmv5g2sA,Nightcall,Kavinsky,,,,2015-09-29 03:48:19.923941,0,0,,""
70,aNYjOVo5IEw,Something Good,Alt-J,,,,2015-09-29 03:48:19.923941,0,0,,""
72,hi4pzKvuEQM,Gold,Chet Faker,,,,2015-09-29 03:48:19.923941,0,0,,""
75,KrMl32cuC2A,So Good To Me,Chris Malinchak,,,,2015-09-29 03:48:19.923941,0,0,,""
76,nskaoVf8PPM,"I Follow Rivers (The Magician Remix),",Lykke Li,,,,2015-09-29 03:48:19.923941,0,0,,""
77,GQpz7mT1aYw,"Cover Bombs (Odesza Remix),",Nomadic Firs,,,,2015-09-29 03:48:19.923941,0,0,,""
79,SyTchswHxhY,You're the One For Me,Great Good Fine OK,,,,2015-09-29 03:48:19.923941,0,0,,""
81,_GiEoLXC9nk,Phone Sex,Blood Diamonds and Grimes,,,,2015-09-29 03:48:19.923941,0,0,,""
83,1Rv6KCBI3vg,Stay,Henry Krinkle,,,,2015-09-29 03:48:19.923941,0,0,,""
84,Or-GhD9nZkg,"Stereo Love (Molella Remix),",Edward Maya,,,,2015-09-29 03:48:19.923941,0,0,,""
85,WL1hlzLsUaU,Calabria,Enur,,,,2015-09-29 03:48:19.923941,0,0,,""
10,dCCXq9QB-dQ,Hunger of the Pine,alt-J,Alternative,arrows/forest/running,,2015-09-29 03:48:19.923941,0,0,,""
15,Teyy1A_AJso,I'm the Man That Will Find You,Connan Mockasin,Alternative,creeper/love,,2015-09-29 03:48:19.923941,0,0,,""
11,3yDP9MKVhZc,Two Weeks,FKA twigs,Alternative,throne/queen,,2015-09-29 03:48:19.923941,0,0,,""
27,isQlpw57L1M,"Gold (Snakehips Remix),",Bondax / Snakehips,,,,2015-09-29 03:48:19.923941,0,0,,""
62,llYWjltBUPU,Tobago,Jonas Rathsman,,,,2015-09-29 03:48:19.923941,0,0,,""
7,mIMMZQJ1H6E,Disparate Youth,Santigold,Pop,"",,2015-09-29 03:48:19.923941,0,0,,""
17,J2ouQMCcOz4,NRG,Duck Sauce,Alternative,weird/strange/sales/show,,2015-09-29 03:48:19.923941,0,0,,""
22,79YDgv_zWA4,"Sonnentanz (Sun Don't Shine Remix),",Klangkarussell,,,,2015-09-29 03:48:19.923941,0,0,,""
71,flNm0uy98eI,In Mind,Brothertiger,,,,2015-09-29 03:48:19.923941,0,0,,""
39,Jl0G3uH71B8,Rad Anthem,Rad Omen,,,,2015-09-29 03:48:19.923941,0,0,,""
30,NhheiPTdZCw,The Music Scene,Blockhead,,,,2015-09-29 03:48:19.923941,0,0,,""
31,RZNvjaJZVMg,Tiny Anthem,M Machine,,,,2015-09-29 03:48:19.923941,0,0,,""
12,5jUGAVUwhRU,Down on My Luck,Vic Mensa,Rap,hip-hop/club,,2015-09-29 03:48:19.923941,0,1,,",20,26,"
23,bQz3A8qy0VE,Warm Thoughts,Flume,,,,2015-09-29 03:48:19.923941,0,0,,",21,"
73,_zPlr-o-YEQ,"You and Me (Flume Remix),",Disclosure,,,,2015-09-29 03:48:19.923941,0,0,,",21,"
80,XlZtvEM5mf4,Doses and Mimosas,Cherub,,,,2015-09-29 03:48:19.923941,0,0,,",21,"
3,xc1u9X4HFAE,False Astronomy,Mr. Lies,Chill,smoke/chill/relaxed,,2015-09-29 03:48:19.923941,1,0,,""
58,PmRraoL9v7k,Lofticries,Purity Ring,,,,2015-09-29 03:48:19.923941,0,0,,",22,"
41,gCYcHz2k5x0,Animals,Martin Garrix,,,,2015-09-29 03:48:19.923941,1,0,,""
16,wIuBcb2T55Q,My Kind of Woman,Mac DeMarco,Alternative,weird/thrift shop,,2015-09-29 03:48:19.923941,0,0,,",22,"
82,l35GTSbKMpY,Embrace,Goldroom,,,,2015-09-29 03:48:19.923941,0,0,,","
24,NGBeLPJTLzE,"Say My Name (Cyril Hahn Remix),",",Destiny's Child / Cyril Hahn",,,,2015-09-29 03:48:19.923941,0,1,,",21,"
21,hZSrzL-kb38,Sleepless,Flume,,,,2015-09-29 03:48:19.923941,0,1,,",24,"
28,lG5aSZBAuPs,About You,XXYYXX,,,,2015-09-29 03:48:19.923941,0,1,,",25,"
18,MfttyNSCI-g,Permission to Love,Hayden James,"",video games/8 bit/pixels,,2015-09-29 03:48:19.923941,0,1,,",26,"
13,dwUug-ucBLc,The Worst Guys,Childish Gambino/Chance the Rapper,Rap,hip-hop/beach,,2015-09-29 03:48:19.923941,0,1,,",26,"
40,NQq7tmwvjr8,"Reason (Hook & Sling Remix),",Nervo,,,,2015-09-29 03:48:19.923941,0,0,,","
33,0ScYz9sNaQk,Zodiac Shit,Flying Lotus,,,,2015-09-29 03:48:19.923941,0,0,,""
5,ZlWRhnYgWcc,Liquorice,Azealia Banks,Rap,hip-hop/jam,,2015-09-29 03:48:19.923941,0,0,,""
86,G29d6RDSK1c,This Must Be The Place,Miles Fisher,,,,2015-09-29 03:48:19.923941,0,0,,""
87,X4YK-DEkvcw,Shot At The Night,The Killers,,,,2015-09-29 03:48:19.923941,0,0,,""
88,x8ccDb6n5Wg,Old Pine,Ben Howard,,,,2015-09-29 03:48:19.923941,0,0,,""
90,OJpC9JqSnJk,The Knife,Grizzly Bear,,,,2015-09-29 03:48:19.923941,0,0,,""
91,4306i99LMXo,Home,Edward Sharpe,,,,2015-09-29 03:48:19.923941,0,0,,""
92,RoLTPcD1S4Q,Simple Song,The Shins,,,,2015-09-29 03:48:19.923941,0,0,,""
93,JyBl5ZgnEr4,Ambling Alp,Yeasayer,,,,2015-09-29 03:48:19.923941,0,0,,""
94,ALFu4D5NGbg,New Year's Eve,MO,,,,2015-09-29 03:48:19.923941,0,0,,""
95,-aarbRTOWOI,I Heart NY,Samuel,,,,2015-09-29 03:48:19.923941,0,0,,""
96,buQpcpQqdKo,Desert Song,Edward Sharpe,,,,2015-09-29 03:48:19.923941,0,0,,""
97,7gwXpLpfb3Y,Kisses Over Babylon,Edward Sharpe,,,,2015-09-29 03:48:19.923941,0,0,,""
98,0GSLAZg3n8I,Better Days,Edward Sharpe,,,,2015-09-29 03:48:19.923941,0,0,,""
99,sxkZFj60piw,Let's Get High,Edward Sharpe,,,,2015-09-29 03:48:19.923941,0,0,,""
100,V8sa6qiHx7A,40 Day Dream,Edward Sharpe,,,,2015-09-29 03:48:19.923941,0,0,,""
102,-mhgfXgwdls,Every Other Freckle,Alt-J,,,,2015-09-29 03:48:19.923941,0,0,,""
61,_x6DmYxnBaI,Hold On,SBTRKT,,,,2015-09-29 03:48:19.923941,0,0,,""
65,KuPTc_aWh2k,Love Strong,Moon Boots,,,,2015-09-29 03:48:19.923941,0,0,,""
8,ytIfSuy_mOA,Get Free,Major Lazer feat. Amber,Alternative,chill/foreign,,2015-09-29 03:48:19.923941,0,0,,""
89,pGXBR1wR-mo,Above the Clouds of Pompeii,Bear's Den,,,,2015-09-29 03:48:19.923941,0,0,,""
101,rVeMiVU77wo,Breezeblocks,alt-j,,,,2015-09-29 03:48:19.923941,0,0,,""
103,erG5rgNYSdk,Island in the Sun,Weezer,,,,2015-09-29 03:48:19.923941,0,0,,""
104,YlUKcNNmywk,Californication,Red Hot Chili Peppers,,,,2015-09-29 03:48:19.923941,0,0,,""
105,129pN3dobGM,The World Should Revolve Around Me,Little Jackie,,,,2015-09-29 03:48:19.923941,0,0,,""
106,feA64wXhbjo,Shooting Stars,Bag Raiders,,,,2015-09-29 03:48:19.923941,0,0,,""
108,d0s0XHVUGF0,25 Bucks,Danny Brown and Purity Ring,,,,2015-09-29 03:48:19.923941,0,0,,""
109,nIk0ztHU3yU,Barcode,Blood Diamond,,,,2015-09-29 03:48:19.923941,0,0,,""
110,6vYnas6q3Sg,CoCo,O.T. Genesis,,,,2015-09-29 03:48:19.923941,0,0,,""
112,LrUvu1mlWco,We Can't Stop,Miley Cyrus,,,,2015-09-29 03:48:19.923941,0,0,,""
113,e2QKlmMT8II,I'm Different,2 Chainz,,,,2015-09-29 03:48:19.923941,0,0,,""
114,Jg5wkZ-dJXA,Runaway (Full Length),Kanye West,,,,2015-09-29 03:48:19.923941,0,0,,""
115,UtF6Jej8yb4,The Nights,Avicii,,,,2015-09-29 03:48:19.923941,0,0,,""
4,1FH-q0I1fJY,Genesis,Grimes,Alternative,weird/chill/relaxed,,2015-09-29 03:48:19.923941,0,0,,""
117,bSdtvfBQd6c,Out of the Black,Royal Blood,,,,2015-09-29 03:48:19.923941,0,0,,""
118,LQ_LUoLTKLo,Let Go,The Japanese Popstars,,,,2015-09-29 03:48:19.923941,0,0,,""
121,hRXc_-c_9Xc,We Exist,Arcade Fire,,,,2015-09-29 03:48:19.923941,0,0,,""
122,JRfuAukYTKg,Titanium,David Guetta ft. Sia,,,,2015-09-29 03:48:19.923941,0,0,,""
123,Rcp8SE_FxBg,Pelican,The Maccabees,,,,2015-09-29 03:48:19.923941,0,0,,""
198,ViPQ-RIPmKk,Bounce,Epic Dance Battle ft. JusReign,,,,2015-09-29 03:48:19.923941,0,0,,""
119,bpOSxM0rNPM,Do I Wanna Know,,,,,2015-09-29 03:48:19.923941,0,0,,""
124,MYSVMgRr6pw,Take Me To Church,Hozier,,,,2015-09-29 03:48:19.923941,0,0,,""
125,2CAF26JV9qs,First Days of Something,Young Dreams,,,,2015-09-29 03:48:19.923941,0,0,,""
126,I1a6h2QIzdQ,Fog Of War,Young Dreams,,,,2015-09-29 03:48:19.923941,0,0,,""
127,LAyKt9pxp7I,Young Dreams,Young Dreams,,,,2015-09-29 03:48:19.923941,0,0,,""
129,tG35R8F2j8k,3005,Childish Gambino,,,,2015-09-29 03:48:19.923941,0,0,,""
130,p3f-eDzkxcw,Telegraph Ave,Childish Gambino,,,,2015-09-29 03:48:19.923941,0,0,,""
131,2lXD0vv-ds8,Never Catch Me,Flying Lotus ft. Kendrick Lamar,,,,2015-09-29 03:48:19.923941,0,0,,""
132,DDRPf8KHawY,"",,,,,2015-09-29 03:48:19.923941,0,0,,""
133,c-jKfLXYQqw,High Road,Cults,,,,2015-09-29 03:48:19.923941,0,0,,""
135,vSkb0kDacjs,Iron,Woodkid,,,,2015-09-29 03:48:19.923941,0,0,,""
136,Bznxx12Ptl0,I'm an Albatraoz,AronChupa,,,,2015-09-29 03:48:19.923941,0,0,,""
137,IoBP24I2lwA,So Good,B.o.B,,,,2015-09-29 03:48:19.923941,0,0,,""
138,S77zUWqawag,Around My Way,Lupe Fiasco,,,,2015-09-29 03:48:19.923941,0,0,,""
139,zKCrSN9oXgQ,Ayo,"Chris Brown, Tyga",,,,2015-09-29 03:48:19.923941,0,0,,""
140,M6t47RI4bns,Blessings,"Big Sean ft. Kanye West, Drake",,,,2015-09-29 03:48:19.923941,0,0,,""
143,xvGStAFxXfs,Uptown Funk Remix,YONAS,,,,2015-09-29 03:48:19.923941,0,0,,""
145,5v6JUzxWoGw,Multiply,A$AP ROCKY ft. Juicy J,,,,2015-09-29 03:48:19.923941,0,0,,""
147,EIQQnoeepgU,1998,Chet Faker,,,,2015-09-29 03:48:19.923941,0,0,,""
149,_uiVt21bp_s,Talk is Cheap,Chet Faker,,,,2015-09-29 03:48:19.923941,0,0,,""
148,LKYPYj2XX80,Around the World,Daft Punk,,,,2015-09-29 03:48:19.923941,0,0,,""
150,Z7enjMpDggk,Sun Models,ODESZA,,,,2015-09-29 03:48:19.923941,0,0,,""
151,16yiEXhOukg,My Body,Cleavage,,,,2015-09-29 03:48:19.923941,0,0,,""
152,U9UTyX-qqVY,Timeless Dream,Cajoline ,,,,2015-09-29 03:48:19.923941,0,0,,""
153,SPXWK_7nXuc,Think of You,T. Williams ft. Tendai,,,,2015-09-29 03:48:19.923941,0,0,,""
155,FnIoZsD2X84,No Other Way,Sinead Harnett ft. Snakehips,,,,2015-09-29 03:48:19.923941,0,0,,""
158,8h3t2h4NKPY,Doses and Mimosas,Cherub,,,,2015-09-29 03:48:19.923941,0,0,,""
160,dX3k_QDnzHE,Midnight City,M83,,,,2015-09-29 03:48:19.923941,0,0,,""
161,a8Iqskd_Vq8,Steve McQueen,M83,,,,2015-09-29 03:48:19.923941,0,0,,""
116,b6vSf0cA9qY,Jubel,Klingande,,,,2015-09-29 03:48:19.923941,0,0,,",21,"
142,HdfgiIBzsBM,Wait On Me,Pell ft.Dent May,,,,2015-09-29 03:48:19.923941,0,1,,",26,"
144,_L2vJEb6lVE,Collard Greens,SchoolBoy Q ft. Kendrick Lamar,,,,2015-09-29 03:48:19.923941,0,1,,",26,"
134,0FcDXL5Aw0o,Hive,Earl Sweatshirt ft. Vince Staples and Casey Veggies,,,,2015-09-29 03:48:19.923941,0,1,,",26,"
128,jx96Twg-Aew,Sober,Childish Gambino,,,,2015-09-29 03:48:19.923941,0,1,,",26,"
165,_FD5u2TO-f8,Wave Racer,Rock U Tonight,,,,2015-09-29 03:48:19.923941,0,0,,""
166,ooZwmeUfuXg,Bounce,Calvin Harris ft. Kelis,,,,2015-09-29 03:48:19.923941,0,0,,""
167,_Afy5B-rWoc,One Day They'll Know (ODESZA Remix),Pretty Lights,,,,2015-09-29 03:48:19.923941,0,0,,""
168,ExVtrghW5Y4,Sweatpants,Childish Gambino ft. Problem,,,,2015-09-29 03:48:19.923941,0,0,,""
170,FCbWLSZrZfw,Chum,Earl Sweatshirt,,,,2015-09-29 03:48:19.923941,0,0,,""
172,JPtQ4K-evBo,Satisfaction,Benny Benassi,,,,2015-09-29 03:48:19.923941,0,0,,""
173,tSOUR7fi0eE,Raptor,Rustie,,,,2015-09-29 03:48:19.923941,0,0,,""
174,uMK0prafzw0,Ugly Boy,DIE ANTWOOD,,,,2015-09-29 03:48:19.923941,0,0,,""
175,cZaJYDPY-YQ,I Don't Fuck With You,Big Sean ft. E-40,,,,2015-09-29 03:48:19.923941,0,0,,""
176,Gxu248aD6PY,New Lands,Justice,,,,2015-09-29 03:48:19.923941,0,0,,""
177,OcAMZmph6j8,Careless Over You,Sasha Keeble,,,,2015-09-29 03:48:19.923941,0,0,,""
178,SVq2yMuAMVQ,Civilization,Justice,,,,2015-09-29 03:48:19.923941,0,0,,""
179,9PnOG67flRA,The Bay,Metronomy,,,,2015-09-29 03:48:19.923941,0,0,,""
180,zbshkpe7vZE,I'm Aquarius,Metronomy,,,,2015-09-29 03:48:19.923941,0,0,,""
181,YMPF6lpM0XM,Stillness is the Move,Dirty Projectors,,,,2015-09-29 03:48:19.923941,0,0,,""
182,vlvKLNghq6Y,About to Die,Dirty Projectors,,,,2015-09-29 03:48:19.923941,0,0,,""
183,vncbG-QJlng,Hi Custodian,Dirty Projectors,,,,2015-09-29 03:48:19.923941,0,0,,""
184,pAwR6w2TgxY,Alice,Pogo,,,,2015-09-29 03:48:19.923941,0,0,,""
185,qs1bG6BIYlo,Wishery,Pogo,,,,2015-09-29 03:48:19.923941,0,0,,""
186,2dN9K8XoDm4,Obedear,Purity Ring,,,,2015-09-29 03:48:19.923941,0,0,,""
187,TEFKZ-7x7xU,Nightcall,Kavinsky,,,,2015-09-29 03:48:19.923941,0,0,,""
188,IcrbM1l_BoI,Wake Me Up,Avicii,,,,2015-09-29 03:48:19.923941,0,0,,""
189,4nsKDJlpUbA,When a Fire Starts to Burn,Disclosure,,,,2015-09-29 03:48:19.923941,0,0,,""
190,m0EiujcV3Tg,Jack,Breach,,,,2015-09-29 03:48:19.923941,0,0,,""
191,i3Jv9fNPjgk,212,Azealia Banks,,,,2015-09-29 03:48:19.923941,0,0,,""
192,6WJFjXtHcy4,Gucci Gucci,Kreayshawn,,,,2015-09-29 03:48:19.923941,0,0,,""
193,ewRjZoRtu0Y,Paper Planes,M.I.A.,,,,2015-09-29 03:48:19.923941,0,0,,""
194,v29I0srhPwg,I Folllow You,Melody's Echo Chamber,,,,2015-09-29 03:48:19.923941,0,0,,""
195,waEoKZIa0S4,"Some Time Alone, Alone",Melody's Echo Chamber,,,,2015-09-29 03:48:19.923941,0,0,,""
196,O0_ardwzTrA,So Many Details,Toro Y Moi,,,,2015-09-29 03:48:19.923941,0,0,,""
197,8ID1plssS4s,Rose Quartz,Toro Y Moi,,,,2015-09-29 03:48:19.923941,0,0,,""
199,58RSC7HO9aU,Easy Rider,Action Bronson,,,,2015-09-29 03:48:19.923941,0,0,,""
200,kfzRXseSBIM,Palm Trees,Flatbush Zombies,,,,2015-09-29 03:48:19.923941,0,0,,""
201,eEWYwQR9jPE,Tumblr Girls,G-Eazy,,,,2015-09-29 03:48:19.923941,0,0,,""
202,GnXqUHgNgs0,LOADED,G-Eazy ft. Carnage,,,,2015-09-29 03:48:19.923941,0,0,,""
203,oLpswbCMtKU,"I'm The Man, That Will Find You",Alice Russell,,,,2015-09-29 03:48:19.923941,0,0,,""
204,OrpXSly9gHY,Even Though,Giraffage ,,,,2015-09-29 03:48:19.923941,0,0,,""
205,SqvmSdYvXcA,DMT,XXYYXX,,,,2015-09-29 03:48:19.923941,0,0,,""
206,T-UIlx65E58,DMT,XXYYXX,,,,2015-09-29 03:48:19.923941,0,0,,""
207,sfy0_vhfb-s,Crystallized,Melody's Echo Chamber,,,,2015-09-29 03:48:19.923941,0,0,,""
208,2uCyv05SG1g,MmmHmm,Flying Lotus,,,,2015-09-29 03:48:19.923941,0,0,,""
209,fT50k14Rc9A,Youths,Slow Magic,,,,2015-09-29 03:48:19.923941,0,0,,""
210,qYqjOcsXjMI,M.O.P.E.,Ambassadeurs,,,,2015-09-29 03:48:19.923941,0,0,,""
141,iXZxipry6kE,Shabba,ASAP Ferg ft. ASAP Rocky,,,,2015-09-29 03:48:19.923941,0,0,,""
146,0UjAf6ubC5M,Let's Ride,Ground Up,,,,2015-09-29 03:48:19.923941,0,0,,""
164,GCdwKhTtNNw,Sweater Weather,The Neighborhood,,,,2015-09-29 03:48:19.923941,0,0,,""
120,BgK_Er7WZVg,Mind Mischief,Tame Impala,,,,2015-09-29 03:48:19.923941,0,0,,""
157,7xzU9Qqdqww,Pursuit of Happiness,Kid Cudi feat. Ratatat,,,,2015-09-29 03:48:19.923941,0,0,,""
159,UylPrMcurB8,Always,Panama,,,,2015-09-29 03:48:19.923941,0,0,,""
156,0IZgpyeJ7U4,Reason (Hook N Sling Remix),Nervo,,,,2015-09-29 03:48:19.923941,0,0,,""
211,dDIJ-jqYulI,Real Slow,Miami Horror ft. Sarah Chernoff,,,,2015-09-29 03:48:19.923941,0,0,,""
212,r6I2Ek_j_Xc,Wassup,ASAP Rocky,,,,2015-09-29 03:48:19.923941,0,0,,""
214,CZa2lY9CFyM,DIP,Danny Brown,,,,2015-09-29 03:48:19.923941,0,0,,""
215,KxJdMhfn9g4,I Met You,Anna Lunoe ,,,,2015-09-29 03:48:19.923941,0,0,,""
216,FdsvtnOoFAg,I Didn't Believe,Flight Facilities,,,,2015-09-29 03:48:19.923941,0,0,,""
217,r0bS-YnLf4s,Crave You,Flight Facilities,,,,2015-09-29 03:48:19.923941,0,0,,""
218,YJVmu6yttiw,Bangarang,SKRILLEX,,,,2015-09-29 03:48:19.923941,0,0,,""
219,JRWox-i6aAk,Blue Jeans,Lana Del Rey,,,,2015-09-29 03:48:19.923941,0,0,,""
220,gGmfOsdla2Y,Say That,Toro Y Moi,,,,2015-09-29 03:48:19.923941,0,0,,""
221,J-n7N1RXJbM,How I Know,Toro Y Moi,,,,2015-09-29 03:48:19.923941,0,0,,""
222,HEBb3GxubAc,Weightless,Washed Out,,,,2015-09-29 03:48:19.923941,0,0,,""
223,9rbRwV0T0AQ,Don't Give Up,Washed Out,,,,2015-09-29 03:48:19.923941,0,0,,""
224,OS6duOoxctw,Wishes,Beach House,,,,2015-09-29 03:48:19.923941,0,0,,""
225,BfzFVbkutFE,Lazuli,Beach House,,,,2015-09-29 03:48:19.923941,0,0,,""
226,UPo7iNKoCGQ,Don't Wait,Mapei,,,,2015-09-29 03:48:19.923941,0,0,,""
228,rEMsjeq43_U,Man Of The Year,Schoolboy Q,,,,2015-09-29 03:48:19.923941,0,0,,""
229,FWR9MR5juWI,You Know You Like It,AlunaGeorge,,,,2015-09-29 03:48:19.923941,0,0,,""
230,VfCSx5641U4,"Your Drums, Your Love",AlunaGeorge,,,,2015-09-29 03:48:19.923941,0,0,,""
231,Vhh-XF01Ats,Best Be Believing,AlunaGeorge,,,,2015-09-29 03:48:19.923941,0,0,,""
232,iDAScB0kacU,Just A Touch,AlunaGeorge,,,,2015-09-29 03:48:19.923941,0,0,,""
233,cmXZuv5BaHg,You Know You Like It,AlunaGeorge,,,,2015-09-29 03:48:19.923941,0,0,,""
234,_zR6ROjoOX0,Work,Iggy Azalea,,,,2015-09-29 03:48:19.923941,0,0,,""
236,T8oLQmqHnws,The Morning,The Weeknd,,,,2015-09-29 03:48:19.923941,0,0,,""
162,T0RvPYRRRbE,Sleepyhead,Passion Pit,,,,2015-09-29 03:48:19.923941,0,1,,",26,"
163,MmZexg8sxyk,Electric Feel,MGMT,,,,2015-09-29 03:48:19.923941,0,1,,",26,"
169,CxnaPa8ohmM,I Mean It,G-Eazy,,,,2015-09-29 03:48:19.923941,0,1,,",26,"
237,T7m9Cu-bjOE,Loft Music,The Weeknd,,,,2015-09-29 03:48:19.923941,0,0,,""
238,JcaYKuK-q40,Slide,Missy Elliot,,,,2015-09-29 03:48:19.923941,0,0,,""
239,b-YmjBdNqc4,Baby I Got That,Bondax,,,,2015-09-29 03:48:19.923941,0,0,,""
240,LPTE9SxYUVE,All I See,Bondax,,,,2015-09-29 03:48:19.923941,0,0,,""
241,U0eS3zC3Jco,Basement Jaxx,Never Say Never,,,,2015-09-29 03:48:19.923941,0,0,,""
242,H8tLS_NOWLs,Snap Out of It,Arctic Monkeys,,,,2015-09-29 03:48:19.923941,0,0,,""
243,-bAyWl04trI,The Look,Diamond Messages,,,,2015-09-29 03:48:19.923941,0,0,,""
244,N9XKLqGqwLA,REALiTi,Grimes,,,,2015-09-29 03:48:19.923941,0,0,,""
245,BJj_0uiaRFM,Gold,Bondax,,,,2015-09-29 03:48:19.923941,0,0,,""
246,AmSV2cim0Qg,Make Her Say,"Kid Cudi ft. Kanye West, Common",,,,2015-09-29 03:48:19.923941,0,0,,""
247,Xt22KvnRSL4,Make Her Say,"Kid Cudi ft. Kanye West, Common",,,,2015-09-29 03:48:19.923941,0,0,,""
248,2reEeG2Ho_g,G.O.O.D. Morning,2 Chainz,,,,2015-09-29 03:48:19.923941,0,0,,""
249,nAQVGx1vzrk,Fuckin' Problems,"A$AP ROCKY ft. Drake, 2 Chainz ",,,,2015-09-29 03:48:19.923941,0,0,,""
250,LbouTdwOrVw,Faded,Tyga ft. Lil Wayne,,,,2015-09-29 03:48:19.923941,0,0,,""
251,EeTPi2a2Ld4,My Last,Big Sean ft. Chris Brown,,,,2015-09-29 03:48:19.923941,0,0,,""
252,9iCd6UHR-3I,Still Fly,Big Tymers,,,,2015-09-29 03:48:19.923941,0,0,,""
253,LUg7G3CPos0,"Girls, Girls, Girls",Jay-Z,,,,2015-09-29 03:48:19.923941,0,0,,""
254,SIQihN--98Y,Let's Get Blown,"Snoop Dogg, Pharrell Williams",,,,2015-09-29 03:48:19.923941,0,0,,""
255,-X6qF7sF9eo,Freak,"Steve Aoki, Diplo ",,,,2015-09-29 03:48:19.923941,0,0,,""
256,A_J7kEhY9sM,Wild Boy,MGK ft. WAKA FLOCKA FLAME,,,,2015-09-29 03:48:19.923941,0,0,,""
257,8aShfolR6w8,i,Kendrick Lamar,,,,2015-09-29 03:48:19.923941,0,0,,""
258,j8YxSzXnZ40,Pretty Girls ,Wale ft. Gucci Mane,,,,2015-09-29 03:48:19.923941,0,0,,""
259,5bfseWNmlds,Sleepyhead,Passion Pit,,,,2015-09-29 03:48:19.923941,0,0,,""
260,vRvWpR4clNQ,Bimmer,Tyler The Creator,,,,2015-09-29 03:48:19.923941,0,0,,""
261,9P2w_hq8YTk,Everything Goes My Way,Metronomy,,,,2015-09-29 03:48:19.923941,0,0,,""
262,6ACl8s_tBzE,Blame,Calvin Harris,,,,2015-09-29 03:48:19.923941,0,0,,""
263,dGghkjpNCQ8,Feel So Close,Calvin Harris,,,,2015-09-29 03:48:19.923941,0,0,,""
264,cl3b7dDBLpo,Thinking About You,Calvin Harris ft. Ayah Marar,,,,2015-09-29 03:48:19.923941,0,0,,""
265,AgueBRR8yLk,Gambler,QuESt,,,,2015-09-29 03:48:19.923941,0,0,,""
266,VzjQ8-dU3W8,First Day Of Summer,INTUITION ,,,,2015-09-29 03:48:19.923941,0,0,,""
267,bqMpt1Ye79A,Silver Platter,KYLE,,,,2015-09-29 03:48:19.923941,0,0,,""
268,5idPxzDg0VI,"""Ambidextrous"" - The Signal",Chief WaKil ft. Jinjoo TheGuitarGirL,,,,2015-09-29 03:48:19.923941,0,0,,""
269,_y_Xpps46Uc,Coco,Lil Wayne,,,,2015-09-29 03:48:19.923941,0,0,,""
270,89ODQea3U0k,Rad Anthem,Rad Omen,,,,2015-09-29 03:48:19.923941,0,0,,""
271,_t431MAUQlQ,No Interruption,Hoodie Allen,,,,2015-09-29 03:48:19.923941,0,0,,""
272,RRNqRuyFSXk,Do Or Die,Flux Pavilion ft. Childish Gambino,,,,2015-09-29 03:48:19.923941,0,0,,""
273,sFrNsSnk8GM,The Look,Metronomy,,,,2015-09-29 03:48:19.923941,0,0,,""
274,KLdriwU4mxk,Headson,Kazy Lambist,,,,2015-09-29 03:48:19.923941,0,0,,""
275,WgBeu3FVi60,Daylight,Matt ,,,,2015-09-29 03:48:19.923941,0,0,,""
276,mJsVCi0UsSM,Let's Go,Matt ,,,,2015-09-29 03:48:19.923941,0,0,,""
277,GRVwtSmgKP8,Carbonated,Mount Kimbie,,,,2015-09-29 03:48:19.923941,0,0,,""
278,aVBH1qIqe7Y,You Took Your Time,Mount Kimbie feat. King Krule,,,,2015-09-29 03:48:19.923941,0,0,,""
279,yjcS674AgOQ,Waves,NoMBe,,,,2015-09-29 03:48:19.923941,0,0,,""
280,dLa_ryRjC7M,If I Lose Myself (Alesso Remix),OneRepublic,,,,2015-09-29 03:48:19.923941,0,0,,""
281,5Euj9f3gdyM,The Suburbs,Arcade Fire,,,,2015-09-29 03:48:19.923941,0,0,,""
282,9oI27uSzxNQ,Ready to Start,Arcade Fire,,,,2015-09-29 03:48:19.923941,0,0,,""
283,NuSbELCNloc,Sprawl II (Mountains Beyond Mountains),Arcade Fire,,,,2015-09-29 03:48:19.923941,0,0,,""
284,7HPMK9Uxq3I,Elevate,St. Lucia,,,,2015-09-29 03:48:19.923941,0,0,,""
285,pZYM3XwgHwA,We Got It Wrong,St. Lucia,,,,2015-09-29 03:48:19.923941,0,0,,""
286,x2AOjb9HW2E,Touch,Shura,,,,2015-09-29 03:48:19.923941,0,0,,""
287,SDTZ7iX4vTQ,Foster The People,Pumped Up Kicks,,,,2015-09-29 03:48:19.923941,0,0,,""
288,_GMQLjzVGfw,Houdini,Foster The People,,,,2015-09-29 03:48:19.923941,0,0,,""
289,1prhCWO_518,Call It What You Want,Foster The People,,,,2015-09-29 03:48:19.923941,0,0,,""
290,ABzh6hTYpb8,Helena Beat,Foster The People,,,,2015-09-29 03:48:19.923941,0,0,,""
291,YXwYJyrKK5A,What You Know,Two Door Cinema,,,,2015-09-29 03:48:19.923941,0,0,,""
292,sKyK1Mme9Sc,Sun,Two Door Cinema Club,,,,2015-09-29 03:48:19.923941,0,0,,""
293,ghb6eDopW8I,Little Talks,Of Monsters and Men,,,,2015-09-29 03:48:19.923941,0,0,,""
294,0gEVaniPOmU,Mountain Sound,Of Monsters and Men,,,,2015-09-29 03:48:19.923941,0,0,,""
295,zvCBSSwgtg4,Ho Hey,The Lumineers,,,,2015-09-29 03:48:19.923941,0,0,,""
296,Vnoz5uBEWOA,Hideaway,Kiesza,,,,2015-09-29 03:48:19.923941,0,0,,""
297,kwxIFk3tZSI,Take Me To Church (Hozier Cover),Kiesza,,,,2015-09-29 03:48:19.923941,0,0,,""
298,iTkuJenFdPU,To You,Young Wonder,,,,2015-09-29 03:48:19.923941,0,0,,""
299,AOPMlIIg_38,Boom Clap,Charli XCX,,,,2015-09-29 03:48:19.923941,0,0,,""
300,OhvH1pyVLzw,Before You Go,Beat Culture,,,,2015-09-29 03:48:19.923941,0,0,,""
301,7IKIKLepGCs,High,Sun Glitters,,,,2015-09-29 03:48:19.923941,0,0,,""
302,4MLhthz4IJ8,Only You,Sun Glitters,,,,2015-09-29 03:48:19.923941,0,0,,""
303,LgzBM7EeR7o,Fading Days,Sun Glitters,,,,2015-09-29 03:48:19.923941,0,0,,""
304,nZekR2Gdusk,Lonely Trip,Sun Glitters,,,,2015-09-29 03:48:19.923941,0,0,,""
305,Fdtv3vNhuMM,You've Never Been Alone (TEPR Remix),Andrea Balency,,,,2015-09-29 03:48:19.923941,0,0,,""
306,P8iqTWn7xbg,Runaround Sue,G-Eazy feat. Greg Banks,,,,2015-09-29 03:48:19.923941,0,0,,""
307,e17iXDf0NGE,Lessons,SOHN,,,,2015-09-29 03:48:19.923941,0,0,,""
308,C6zv_5zGEso,Bloodflows,SOHN,,,,2015-09-29 03:48:19.923941,0,0,,""
309,2QT5eGHCJdE,Youth,Daughter,,,,2015-09-29 03:48:19.923941,0,0,,""
310,oLGnR0UldCM,Solace,Fyfe,,,,2015-09-29 03:48:19.923941,0,0,,""
311,BrjhkRIsAiw,Breathe,Years ,,,,2015-09-29 03:48:19.923941,0,0,,""
312,g_uoH6hJilc,King,Years ,,,,2015-09-29 03:48:19.923941,0,0,,""
313,6nJCF01b510,Desire,Years ,,,,2015-09-29 03:48:19.923941,0,0,,""
314,Z0atZQSUE80,Take Shelter,Years ,,,,2015-09-29 03:48:19.923941,0,0,,""
315,e-ORhEE9VVg,Blank Space,Taylor Swift,,,,2015-09-29 03:48:19.923941,0,0,,""
317,7PCkvCPvDXk,All About That Bass,Meghan Trainor,,,,2015-09-29 03:48:19.923941,0,0,,""
318,3O1_3zBUKM8,La La La,Naughty Boy feat. Sam Smith,,,,2015-09-29 03:48:19.923941,0,0,,""
319,8UVNT4wvIGY,Somebody That I Used To Know,Gotye,,,,2015-09-29 03:48:19.923941,0,0,,""
235,4F1JFPSQSlE,What You Need,The Weeknd,,,,2015-09-29 03:48:19.923941,0,0,,""
320,Puph1hejMQE,"Ready, Able",Grizzly Bear,,,,2015-09-29 03:48:19.923941,0,0,,""
321,fe4EK4HSPkI,Kids,MGMT,,,,2015-09-29 03:48:19.923941,0,0,,""
322,RYpqE0_VpWA,Party With Children,Ratatat,,,,2015-09-29 03:48:19.923941,0,0,,""
323,KhrteSZXFzM,Drugs,Ratatat,,,,2015-09-29 03:48:19.923941,0,0,,""
324,hvZJI8rerWA,Rock Bottom,King Krule,,,,2015-09-29 03:48:19.923941,0,0,,""
325,nVnNGDWJDKg,Don't Stop,Gigamesh,,,,2015-09-29 03:48:19.923941,0,0,,""
326,NJLfCBBcZAo,Blue Suede,Vince Staples,,,,2015-09-29 03:48:19.923941,0,0,,""
327,ToNBGOoE3S4,The Suburbs (Mr. Little Jeans Remix),Arcade Fire,,,,2015-09-29 03:48:19.923941,0,0,,""
328,hv1514WChRw,Sprawl II (Soulwax Remix),Arcade Fire,,,,2015-09-29 03:48:19.923941,0,0,,""
329,lPXWt2ESxVY,Do You Realize,,,,,2015-09-29 03:48:19.923941,0,0,,""
330,ZdDHi5SSIlM,Yoshimi Battles the Pink Robots Pt. 1,The Flaming Lips,,,,2015-09-29 03:48:19.923941,0,0,,""
332,C169fjEBC3o,Everything To Me,Lips,,,,2015-09-29 03:48:19.923941,0,0,,""
333,j37SniohwFA,Sierra Leone,Mt. Eden,,,,2015-09-29 03:48:19.923941,0,0,,""
335,h2S3RvIHwGs,Blackout,Breathe Carolina,,,,2015-09-29 03:48:19.923941,0,0,,""
336,Wgz-PvgiO9M,Dream On,Gigamesh,,,,2015-09-29 03:48:19.923941,0,0,,""
337,ukNOaKeUEQY,Awkward,San Cisco,,,,2015-09-29 03:48:19.923941,0,0,,""
338,elyk9MBY72U,Kimbra,Cameo Lover,,,,2015-09-29 03:48:19.923941,0,0,,""
339,q1MmYVcDyMs,Agape,Bear's Den,,,,2015-09-29 03:48:19.923941,0,0,,""
340,U6z_cilnJzg,Why You Wanna,T.I.,,,,2015-09-29 03:48:19.923941,0,0,,""
341,sAHR5AIAzAc,Blurred Lines,Robin Thicke,,,,2015-09-29 03:48:19.923941,0,0,,""
342,vm3JMC2HiWc,Move On,Garden City Movement,,,,2015-09-29 03:48:19.923941,0,0,,""
343,qwyzdWVDGZ4,All I Want,Dawn Golden,,,,2015-09-29 03:48:19.923941,0,0,,""
344,3L_yR_gHGo8,Alternate World,Son Lux,,,,2015-09-29 03:48:19.923941,0,0,,""
345,VjT4BzLTaJU,Real,Years ,,,,2015-09-29 03:48:19.923941,0,0,,""
346,_VTY8ftr1vY,Wanna Love You Girl,Robin Thicke feat. Pharrell Williams,,,,2015-09-29 03:48:19.923941,0,0,,""
348,mTzEp4CeWT8,West Coast,Coconut Records,,,,2015-09-29 03:48:19.923941,0,0,,""
349,sng_CdAAw8M,Open,Rhye,,,,2015-09-29 03:48:19.923941,0,0,,""
350,mpKVXTMGWEc,In Space,Royksopp,,,,2015-09-29 03:48:19.923941,0,0,,""
351,JJS5ywEIsA4,The Fall,Rhye,,,,2015-09-29 03:48:19.923941,0,0,,""
352,_3ZI_TGTJ0g,On My Own,T. Williams feat. TALA,,,,2015-09-29 03:48:19.923941,0,0,,""
353,EWb8oUwubWg,Forever Pt. II,Snakehips,,,,2015-09-29 03:48:19.923941,0,0,,""
354,Qr5AIKRPIHo,Coffee,Sylvan Esso,,,,2015-09-29 03:48:19.923941,0,0,,""
355,xnBjwrRmo2U,Play It Right,Sylvan Esso,,,,2015-09-29 03:48:19.923941,0,0,,""
356,a0ul-BghOAs,Black Out Days,Phantogram,,,,2015-09-29 03:48:19.923941,0,0,,""
357,RsQjC5zVnt8,Fall In Love,Phantogram,,,,2015-09-29 03:48:19.923941,0,0,,""
358,vQDqpxFw4LU,Show Me What You're Made Of,Hoodie Allen,,,,2015-09-29 03:48:19.923941,0,0,,""
359,npvNPORFXpc,Fitzpleasure,alt-j,,,,2015-09-29 03:48:19.923941,0,0,,""
360,4knuoIAWweA,Blue Jeans (RAC Remix),Lana Del Rey,,,,2015-09-29 03:48:19.923941,0,0,,""
361,Pphrk6wE5aw,The Sound of Settling,Death Cab For Cutie,,,,2015-09-29 03:48:19.923941,0,0,,""
362,uizQVriWp8M,Soul Meets Body,Death Cab For Cutie,,,,2015-09-29 03:48:19.923941,0,0,,""
363,pq-yP7mb8UE,I Will Possess Your Heart,Death Cab For Cutie,,,,2015-09-29 03:48:19.923941,0,0,,""
364,ff0oWESdmH0,When You Were Young,The Killers,,,,2015-09-29 03:48:19.923941,0,0,,""
365,sZTpLvsYYHw,All These Things That I've Done,The Killers,,,,2015-09-29 03:48:19.923941,0,0,,""
366,8ip8OsExLJs,Down With The Trumpets,Rizzle Kicks,,,,2015-09-29 03:48:19.923941,0,0,,""
367,YA_tBIOt8MY,Miss Cigarette,Rizzle Kicks,,,,2015-09-29 03:48:19.923941,0,0,,""
368,cHuRtBA5Esg,Boom Clap (Aeroplane Remix),Charli XCX,,,,2015-09-29 03:48:19.923941,0,0,,""
369,PIh2xe4jnpk,Rude,MAGIC!,,,,2015-09-29 03:48:19.923941,0,0,,""
370,emOKaGi8u5U,Classic,The Knocks feat. Powers,,,,2015-09-29 03:48:19.923941,0,0,,""
371,ru-LgSvOCrE,Otherside,Macklemore x Ryan Lewis,,,,2015-09-29 03:48:19.923941,0,0,,""
372,SfIBy2I13CQ,Be Easy,Radical Something feat. Kinetics,,,,2015-09-29 03:48:19.923941,0,0,,""
373,wPNa9YddRqs,Escape,Radical Something,,,,2015-09-29 03:48:19.923941,0,0,,""
374,FFhs6_b8tzs,Feel I Bring,Are,,,,2015-09-29 03:48:19.923941,0,0,,""
375,eIGh4Nc1fAM,All I Do,Logic,,,,2015-09-29 03:48:19.923941,0,0,,""
376,fPEsDF5WL1w,The Spotlight,Logic,,,,2015-09-29 03:48:19.923941,0,0,,""
377,-BHPu-dPmWQ,Metropolis,Faded Paper Figures,,,,2015-09-29 03:48:19.923941,0,0,,""
378,ktIgwt92WNA,Live Life,Matt Easton,,,,2015-09-29 03:48:19.923941,0,0,,""
379,cLCaVZ3fmU0,Too Much Time Together,San Cisco,,,,2015-09-29 03:48:19.923941,0,0,,""
380,_sDflY5UfRo,Buzzin',Shwayze,,,,2015-09-29 03:48:19.923941,0,0,,""
381,qYx7YG0RsFY,I Love College,Asher Roth,,,,2015-09-29 03:48:19.923941,0,0,,""
382,p6QPwByNxlc,All That I Know,Moosh ,,,,2015-09-29 03:48:19.923941,0,0,,""
331,2fsdNJAzLuU,Mine,Phoebe Ryan,,,,2015-09-29 03:48:19.923941,0,0,,""
383,ioq_t_GHBtg,Tether,Eric Prydz feat. CHVRCHES,,,,2015-09-29 03:48:19.923941,0,0,,""
171,bQweR2QH1Io,Pay No Mind,Madeon feat. Passion Pit,,,,2015-09-29 03:48:19.923941,0,0,,""
384,B496Qv0CuOQ,Pop Culture,Madeon,,,,2015-09-29 03:48:19.923941,0,0,,""
385,AIjVpRAXK18,Falling,HAIM,,,,2015-09-29 03:48:19.923941,0,0,,""
386,zol2MJf6XNE,My Girls,Animal Collective,,,,2015-09-29 03:48:19.923941,0,0,,""
387,bVP_w1rQweE,Baby Blue,Action Bronson feat. Chance The Rapper,,,,2015-09-29 03:48:19.923941,0,0,,""
388,vHU6ZRQJ50Q,G.O.M.D,J. Cole,,,,2015-09-29 03:48:19.923941,0,0,,""
389,URbDgvXiGfg,All I Need,Juicy J. feat K Camp,,,,2015-09-29 03:48:19.923941,0,0,,""
390,ZJQO_228-UA,I Like Tuh,Carnage feat. ILoveMakonnen,,,,2015-09-29 03:48:19.923941,0,0,,""
35,sRnMPHYqgh8,Space Cadet ,Flume feat. Ghostface Killah ,,,,2015-09-29 03:48:19.923941,0,0,,""
391,nJSdYlAFKqA,Don't Look Down,Martin Garrix feat. Usher,,,,2015-09-29 03:48:19.923941,0,0,,""
392,BgfcToAjfdc,Stole The Show,Kygo feat. Parson James,,,,2015-09-29 03:48:19.923941,0,0,,""
393,s2_YDtKmsVA,Gibberish,MAX feat. Hoodie Allen,,,,2015-09-29 03:48:19.923941,0,0,,""
394,Orq_75kFi8I,Bloodstream,Ed Sheeran ,,,,2015-09-29 03:48:19.923941,0,0,,""
395,Ucm-O93w91A,My Turn,Basement Jaxx and Lightspeed Champion,electronica,chill/electronic,,2015-09-29 03:48:19.923941,0,0,,""
396,dX3k_QDnzHE,Midnight City,M83,electronica,chill/electronic,,2015-09-29 03:48:19.923941,0,0,,""
397,65oZD-7gJYE,Kodama,20syl,electronica,chill/electronic,,2015-09-29 03:48:19.923941,0,0,,""
398,r8BsuT0PWdI,Flashed Junk Mind,Milky Chance,chill,chill,,2015-09-29 03:48:19.923941,0,0,,""
399,SeXBiXcEBkY,Let Go,RAC feat. Kele and MNDR,"","",,2015-09-29 03:48:19.923941,0,0,,""
400,37RYC5aZlRo,Cheap Sunglasses,RAC feat. Matthew Koma,synth-pop,synth-pop/upbeat,,2015-09-29 03:48:19.923941,0,0,,""
401,4knuoIAWweA,Blue Jeans,Lana Del Rey (RAC remix),synth-pop,synth-pop/upbeat,,2015-09-29 03:48:19.923941,0,0,,""
402,9MHmx9nvHqU,Greek Tragedy,The Wombats,indie,indie/chill,,2015-09-29 03:48:19.923941,0,0,,""
403,sYLufX5nC30,Firestone,KYGO,synth-pop,synth-pop/upbeat,,2015-09-29 03:48:19.923941,0,0,,""
404,yju0tRxfGGY,Hollywood,RAC feat. Penguin Prison,synth-pop,synth-pop/upbeat,,2015-09-29 03:48:19.923941,0,0,,""
405,2WRuDAasz-8,I Stand Alone,Theophilus London,rap,rap/chill,,2015-09-29 03:48:19.923941,0,0,,""
406,HChafej1nbo,Why Even Try,Theophilus London feat. Sara Quin,rap,rap/chill,,2015-09-29 03:48:19.923941,0,0,,""
407,g_uoH6hJilc,King,Years and Years,indie,electronica/indie/chill,,2015-09-29 03:48:19.923941,0,0,,""
408,Z0atZQSUE80,Take Shelter,Years and Years,indie,electronica/indie/chill,,2015-09-29 03:48:19.923941,0,0,,""
409,H3T2RnTBp_4,Real,Years and Years,indie,electronica/indie/chill,,2015-09-29 03:48:19.923941,0,0,,""
410,eEWYwQR9jPE,Tumblr Girls,G-Eazy,rap,indie/rap,,2015-09-29 03:48:19.923941,0,0,,""
413,-rkRSJpYEJ8,Overflow,Ghost Loft,,,,2015-09-29 03:48:19.923941,0,0,,""
411,WhmyWYmO3uA,Seconds,Ghost Loft,,,,2015-09-29 03:48:19.923941,0,0,,""
412,nmPSlcRfwmk,So High,Ghost Loft,,,,2015-09-29 03:48:19.923941,0,0,,""
414,N385ebYi3Sw,Locket,Kilo Kish,,,,2015-09-29 03:48:19.923941,0,0,,""
415,cMFWFhTFohk,The Funeral,Band of Horses,,,,2015-09-29 03:48:19.923941,0,0,,""
417,oIIxlgcuQRU,Maps,Yeah Yeah Yeahs,,,,2015-09-29 03:48:19.923941,0,0,,""
416,cuZo7pLnL7c,No One's Gonna Love You,Band of Horses,,,,2015-09-29 03:48:19.923941,0,0,,""
334,cE6wxDqdOV0,Video Games ,Lana del Rey,,,,2015-09-29 03:48:19.923941,0,0,,""
418,Bag1gUxuU0g,Born To Die,Lana Del Rey,,,,2015-09-29 03:48:19.923941,0,0,,""
419,5wWBLbQInqk,See,Tycho,,,,2015-09-29 03:48:19.923941,0,0,,""
420,k9F9fuJLZoM,Adrift,Tycho,,,,2015-09-29 03:48:19.923941,0,0,,""
421,hN-HKyBivTk,Too Much (Jarreau Vandal Remix),Drake feat. Sampha,,,,2015-09-29 03:48:19.923941,0,0,,""
422,aSjCJdRFbpk,Love You In The Dark,Sombear,,,,2015-09-29 03:48:19.923941,0,0,,""
423,tZ5Mu2gs-M8,Grief,Earl Sweatshirt,,,,2015-09-29 03:48:19.923941,0,0,,""
424,jhKJ7TYugXE,So Bad (Synkro Dub Mix),Robots Don't Sleep,,,,2015-09-29 03:48:19.923941,0,0,,""
425,tv8Se8xSMiw,Places,Shlomo,,,,2015-09-29 03:48:19.923941,0,0,,""
426,K0YgU75_ZG0,Bo Peep (Do You Right),Shlomo fet. Jeremih,,,,2015-09-29 03:48:19.923941,0,0,,""
427,ySqBdoS0Xo0,What's In Your Head,Disclosure,,,,2015-09-29 03:48:19.923941,0,0,,""
428,iMaQEZLVpR8,No More,Shlomo feat. Jeremih,,,,2015-09-29 03:48:19.923941,0,0,,""
431,2XY3AvVgDns,Countdown,Beyonce,,,,2015-09-29 03:48:19.923941,0,0,,""
432,CvBfHwUxHIk,Umbrella,Rihanna feat. Jay-Z,,,,2015-09-29 03:48:19.923941,0,0,,""
433,A-LEiOzXHWM,Wildfire,SBTRKT,,,,2015-09-29 03:48:19.923941,0,0,,""
434,KuZ2QZKYj7c,Purple Swag,ASAP Rocky,,,,2015-09-29 03:48:19.923941,0,0,,""
435,GjeM73Kx8nk,Compuphonic,Maddslinky,,,,2015-09-29 03:48:19.923941,0,0,,""
436,1nZKwreCVtU,America,Mac Miller feat. Casey Veggies ,,,,2015-09-29 03:48:19.923941,0,0,,""
437,nAzjmDZD4aY,Oya,Ibeya,,,,2015-09-29 03:48:19.923941,0,0,,""
438,I-hDU63G1lc,Stay Forever,Panama,,,,2015-09-29 03:48:19.923941,0,0,,""
439,aAEQt7wq44w,Sleepless,Flume feat. Jezzabell Doran,,,,2015-09-29 03:48:19.923941,0,0,,""
440,1uXrXTSASK0,Pizza Guy,Touch Sensitive,,,,2015-09-29 03:48:19.923941,0,0,,""
441,YMKZIaIN7O4,It's Not Over,Panama,,,,2015-09-29 03:48:19.923941,0,0,,""
442,aP_-P_BS6KY,Talk Is Cheap,Chet Faker,,,,2015-09-29 03:48:19.923941,0,0,,""
443,qJdMjRHRLfg,Arnold,Luke Million,,,,2015-09-29 03:48:19.923941,0,0,,""
444,c3BFUVzRtMo,Zimbabwe (Flume Remix),New Navy,,,,2015-09-29 03:48:19.923941,0,0,,""
445,ZF2lZesYZo0,Kathy Lee,Jessy Lanza,,,,2015-09-29 03:48:19.923941,0,0,,""
446,_woNBiIyOKI,Eclipse,Nosaj Thing,,,,2015-09-29 03:48:19.923941,0,0,,""
447,cxa1Y71Lgyg,Ethereal,Nosaj Thing and Pretty Lights,,,,2015-09-29 03:48:19.923941,0,0,,""
448,aPAkcB5JgYc,Us,Nosaj Thing,,,,2015-09-29 03:48:19.923941,0,0,,""
449,GK8mtokmoaQ,Try,Nosaj Thing feat. Toro Y Moi,,,,2015-09-29 03:48:19.923941,0,0,,""
450,IIA1XQnAv5s,Gooey,Glass Animals,,,,2015-09-29 03:48:19.923941,0,0,,""
451,fwrY0D2ACNk,Throw Sum Mo,Rae Sremmurd feat. Nicki Minaj and Young Thug,,,,2015-09-29 03:48:19.923941,0,0,,""
452,Jcu1AHaTchM,Claire de Lune,Flight Facilities,,,,2015-09-29 03:48:19.923941,0,0,,""
453,fvDQy53eldY,Otherside (Fences Remix) ,Macklemore x Ryan Lewis,,,,2015-09-29 03:48:19.923941,0,0,,""
454,3BwzP1laWkQ,Just Another Girl,The Killers,,,,2015-09-29 03:48:19.923941,0,0,,""
347,a0BEDnYkGmc,This This This,Late Night Alumni,"House,Chill,null",,,2015-09-29 03:48:19.923941,0,0,"",""
455,yvHYWD29ZNY,$ave Dat Money feat. Fetty Wap and Rich Homie Quan (Official Music Video),Lil Dicky,,,2015-10-02 03:38:26,2015-10-02 03:38:26.339123,0,0,,""
456,LlU4FuIJT2k,Professional Rapper (Feat. Snoop Dogg),Lil Dicky,,,2015-10-02 03:41:43,2015-10-02 03:41:43.322954,0,1,,",26,"
458,Pzz4Z-O7710,"""679"" feat. Remy Boyz [Official Video]",Fetty Wap,,,2015-10-02 04:03:29,2015-10-02 04:03:29.70672,0,0,,""
459,-KKbdErJkiY,Type of Way,Rich Homie Quan,,,2015-10-02 04:08:17,2015-10-02 04:08:17.647173,0,0,,""
111,pudIZbCRq_c,Throw some D's,Rich Boy,"Hip-Hop/Rap,null,null",,,2015-09-29 03:48:19.923941,0,0,"",""
9,hi4pzKvuEQM,Gold,Chet Faker,Alternative,rollerblade/rollerskate,,2015-09-29 03:48:19.923941,0,0,,",20,"
460,ZTidn2dBYbY,True Survivor,David Hasselhoff,,,2015-10-23 22:28:31,2015-10-23 22:28:31.052982,0,0,,",20,"
14,0wrsZog8qXg,Such Great Heights,the Postal Service,Alternative,science/clean room,,2015-09-29 03:48:19.923941,0,0,,","
107,5S6U_krabrk,Life Round Here,James Blake and Chance the Rapper,,,,2015-09-29 03:48:19.923941,0,0,,",22,"
461,Tv9YoYCKNoE,Flesh without Blood Life in the Vivid Dream,Grimes,,,2015-11-10 02:51:24,2015-11-10 02:51:24.743684,0,0,,""
213,NHfWY0is3rE,Grown Up,Danny Brown,,,,2015-09-29 03:48:19.923941,0,1,,",20,26,"
457,i_kF4zLNKio,Trap Queen (Official Video) Prod. By Tony Fadd,Fetty Wap,,,2015-10-02 04:02:24,2015-10-02 04:02:24.421237,0,1,,",26,"
316,nfWlot6h_JM,Shake It Off,Taylor Swift,,,,2015-09-29 03:48:19.923941,0,1,,",26,"
462,MthoZXOdz84,Pumped Up Kicks,Yonas,,,2015-11-29 19:27:59,2015-11-29 19:27:59.115592,0,0,,""
463,j9-PMmfjHyo,Don't Give A Damn,Yonas,,,2015-11-29 20:31:54,2015-11-29 20:31:54.392099,0,0,,""
464,-pFYbSfy5O0,Leaving You,Yonas,,,2015-11-29 20:34:16,2015-11-29 20:34:16.57111,0,0,,""
466,skhxizRYxps,No Hands,Waka Flocka Flame feat. Wale & Roscoe Dash,"Hip-Hop/Rap,null,null",,2015-11-29 20:39:13,2015-11-29 20:39:13.968234,0,0,"",""
467,WkkC9cK8Hz0,Hard In Da Paint,Waka Flocka Flame,,,2015-11-29 20:41:35,2015-11-29 20:41:35.124679,0,0,,""
468,Iku6jWtjMrw,Rest,Ohana Bam,,,2015-12-09 21:39:20,2015-12-09 21:39:20.324892,0,0,,""
469,gR3RC86JSkk,Red Ferrari,Ohana Bam,,,2015-12-09 21:40:59,2015-12-09 21:41:00.000535,0,0,,""
470,v__NaQ8xMLc,Sheriff,Ohana Bam,,,2015-12-09 21:41:57,2015-12-09 21:41:57.612599,0,0,,""
471,KVl_1bJ79uw,Eleven:11,Pell,,,2015-12-09 21:43:21,2015-12-09 21:43:21.746771,0,0,,""
472,3Hn9hLOljJI,Try Me,DeJ Loaf,,,2015-12-12 01:01:43,2015-12-12 01:01:43.915737,0,0,,""
465,d5K3UgrPdbQ,Christmas In LA,Vulfpeck,,,2015-11-29 20:37:22,2015-11-29 20:37:22.154549,0,2,,",24,26,"
