id,vid,name,artist,genre,tags,created_at,updated_at,staff,likes,director,spotify_id,spotify_pop
576,foE1mO2yM04,I TOOK A PILL IN IBIZA (SEEB REMIX),Mike Posner,", electronic, pop,   ,",,2016-03-16 05:18:35,2016-03-16 05:18:35.506832,0,1,,7HzCxalzzYQOFb9a7Xs3j6,0
249,nAQVGx1vzrk,Fuckin' Problems,A$AP Rocky,", hip hop, cloud rap,",,2015-12-25 00:00:00,,0,0,,0,0
145,5v6JUzxWoGw,Multiply,A$AP Rocky,", hip hop, cloud rap,",,2015-12-25 00:00:00,,0,0,,21tQ61tNj6qbXbDwmSIPt9,0
248,2reEeG2Ho_g,G.O.O.D. Morning,2 Chainz,", hip hop,",,2015-12-25 00:00:00,,0,0,,51oVwsllGkGySCLW6inIXE,0
199,58RSC7HO9aU,Easy Rider,Action Bronson,", hip hop,",,2015-12-25 00:00:00,,0,0,,4AH8GJVosfrbfhe5NVTAnx,0
52,86vDxRr2ELA,Teenage Crimes,Adrian Lux,", techno, house,",,2015-12-25 00:00:00,,0,0,,1E2tRwT1GIHk1a8oYQMfjC,0
51,ksocjhxX_DQ,No Beef,AfroJack and Steve Aoki,", electro house,",,2015-12-25 00:00:00,,0,0,,0,0
70,aNYjOVo5IEw,Something Good,Alt-J,", indie rock, indie pop, art rock, folktronica,",,2015-12-25 00:00:00,,0,0,,3xqxETvPg43KWP0HOGiOmu,0
10,dCCXq9QB-dQ,Hunger of the Pine,Alt-J,", indie rock, indie pop, art rock, folktronica,",arrows/forest/running,2015-12-25 00:00:00,,0,0,,2mkv1b3dRFyiJ4Ybq31owf,0
102,#NAME?,Every Other Freckle,Alt-J,", indie rock, indie pop, art rock, folktronica,",,2015-12-25 00:00:00,,0,0,,6BVBkKpZK09NmifUMZqj1z,0
101,rVeMiVU77wo,Breezeblocks,Alt-J,", indie rock, indie pop, art rock, folktronica,",,2015-12-25 00:00:00,,0,0,,3n69hLUdIsSa1WlRmjMZlW,0
359,npvNPORFXpc,Fitzpleasure,Alt-J,", indie rock, indie pop, art rock, folktronica,",,2015-12-25 00:00:00,,0,0,,7DdXf9x75iEVCHWfoRwRuR,0
230,VfCSx5641U4,"Your Drums, Your Love",AlunaGeorge,", synthpop, trip hop, r&b, uk garage,",,2015-12-25 00:00:00,,0,0,,7IdTIjPXUc7bJQyabnmQiT,0
231,Vhh-XF01Ats,Best Be Believing,AlunaGeorge,", synthpop, trip hop, r&b, uk garage,",,2015-12-25 00:00:00,,0,0,,1hcjoDBAhytssvgrY0gJuN,0
232,iDAScB0kacU,Just A Touch,AlunaGeorge,", synthpop, trip hop, r&b, uk garage,",,2015-12-25 00:00:00,,0,0,,6DKkFKlKS8lIOFvVacOfhc,0
233,cmXZuv5BaHg,You Know You Like It,AlunaGeorge,", synthpop, trip hop, r&b, uk garage,",,2015-12-25 00:00:00,,0,0,,57kR5SniQIbsbVoIjjOUDa,0
210,qYqjOcsXjMI,M.O.P.E.,Ambassadeurs,", electronic, chill,",,2015-12-25 00:00:00,,0,0,,4R3Cp4YmYqJEw3URx8eu5P,0
38,93HWMspjxqI,One in a Million,Andrew Rayel,", trance, big room trance,",,2015-12-25 00:00:00,,0,0,,0TNeJWS27u6zKUFJ4HBHGH,0
386,zol2MJf6XNE,My Girls,Animal Collective,", experimental pop, psychadelic pop, freak folk, electronic, noise pop, neo-psychedelia,",,2015-12-25 00:00:00,,0,0,,1kn0qoZsAYz2IEOSmWGrvX,0
215,KxJdMhfn9g4,I Met You,Anna Lunoe ,", dance,",,2015-12-25 00:00:00,,0,0,,0,0
121,hRXc_-c_9Xc,We Exist,Arcade Fire,", indie rock, art rock, baroque pop, post-punk revival,",,2015-12-25 00:00:00,,0,0,,3hDpkvXDbmcrKya8CUS6lN,0
281,5Euj9f3gdyM,The Suburbs,Arcade Fire,", indie rock, art rock, baroque pop, post-punk revival,",,2015-12-25 00:00:00,,0,0,,7HCj6qN0tG2HN1eLQyWUBg,0
283,NuSbELCNloc,Sprawl II (Mountains Beyond Mountains),Arcade Fire,", indie rock, art rock, baroque pop, post-punk revival,",,2015-12-25 00:00:00,,0,0,,2GO8ZpAPxr1obsQ9PqSQc5,0
327,ToNBGOoE3S4,The Suburbs (Mr. Little Jeans Remix),Arcade Fire,", indie rock, art rock, baroque pop, post-punk revival,",,2015-12-25 00:00:00,,0,0,,0,0
328,hv1514WChRw,Sprawl II (Soulwax Remix),Arcade Fire,", indie rock, art rock, baroque pop, post-punk revival,",,2015-12-25 00:00:00,,0,0,,0,0
242,H8tLS_NOWLs,Snap Out of It,Arctic Monkeys,", indie rock, psychadelic rock, post-punk revival,",,2015-12-25 00:00:00,,0,0,,30uJNlHIjfDeE4vr8g9fpf,0
374,FFhs6_b8tzs,Feel I Bring,Aer,", hip hop, alternative, rap, reggae, pop,",,2015-12-25 00:00:00,,0,0,,67G84ZLTSoiRLmojkuBLzw,0
136,Bznxx12Ptl0,I'm an Albatraoz,AronChupa,", electro house, nu-disco, hip hop, hip house, electropop, melbourne bounce,",,2015-12-25 00:00:00,,0,0,,5MhsZlmKJG6X5kTHkdwC4B,0
141,iXZxipry6kE,Shabba,ASAP Ferg,", hip hop,",,2015-12-25 00:00:00,,0,0,,0,0
212,r6I2Ek_j_Xc,Wassup,ASAP Rocky,", hip hop,",,2015-12-25 00:00:00,,0,0,,0,0
434,KuZ2QZKYj7c,Purple Swag,ASAP Rocky,", hip hop,",,2015-12-25 00:00:00,,0,0,,0,0
381,qYx7YG0RsFY,I Love College,Asher Roth,", hip hop,",,2015-12-25 00:00:00,,0,0,,1akgiRM3mN2nxu2AX6ACCW,0
115,UtF6Jej8yb4,The Nights,Avicii,", edm, house, progressive house,",,2015-12-25 00:00:00,,0,0,,0ct6r3EGTcMLPtrXHDvVjc,0
188,IcrbM1l_BoI,Wake Me Up,Avicii,", edm, house, progressive house,",,2015-12-25 00:00:00,,0,0,,4h8VwCb1MTGoLKueQ1WgbD,0
191,i3Jv9fNPjgk,212,Azealia Banks,", hardcore hip hop, dance-pop, indie pop, dance,",,2015-12-25 00:00:00,,0,0,,4DXlMukYPm3OPFIiOgWKvh,0
137,IoBP24I2lwA,So Good,B.o.B,", hip hop, pop, rock,",,2015-12-25 00:00:00,,0,0,,28GUjBGqZVcAV4PHSYzkj2,0
106,feA64wXhbjo,Shooting Stars,Bag Raiders,", alternative dance, electronica,synthpop, indietronica, house,",,2015-12-25 00:00:00,,0,0,,6qWNnWeTNTr4nulEtHh96A,0
415,cMFWFhTFohk,The Funeral,Band of Horses,", indie rock, southern rock, alternative country, folk,",,2015-12-25 00:00:00,,0,0,,4o0NjemqhmsYLIMwlcosvW,0
416,cuZo7pLnL7c,No One's Gonna Love You,Band of Horses,", indie rock, southern rock, alternative country, folk,",,2015-12-25 00:00:00,,0,0,,3LeNQIGi0zwmQm8WShZB95,0
395,Ucm-O93w91A,My Turn,Basement Jaxx,", house, electric, uk garage, big beat,",chill/electronic,2015-12-25 00:00:00,,0,0,,0FfGKGBEHdgN5nNHADbbBz,0
224,OS6duOoxctw,Wishes,Beach House,", dream pop, indie rock,",,2015-12-25 00:00:00,,0,0,,7x4tFmih1JBITx0e2ucGrT,0
89,pGXBR1wR-mo,Above the Clouds of Pompeii,Bear's Den,", folk rock, indie folk,",,2015-12-25 00:00:00,,0,0,,723paR6LrVISFCXFPf5z57,0
339,q1MmYVcDyMs,Agape,Bear's Den,", folk rock, indie folk,",,2015-12-25 00:00:00,,0,0,,0u3rkZ1Z5f1JIPHlLUX2Mi,0
300,OhvH1pyVLzw,Before You Go,Beat Culture,", electronic,",,2015-12-25 00:00:00,,0,0,,0,0
88,x8ccDb6n5Wg,Old Pine,Ben Howard,", folk, rock,",,2015-12-25 00:00:00,,0,0,,4PXb4gyyo85e3IYXa0eWkk,0
431,2XY3AvVgDns,Countdown,Beyonce,", r&b, pop, hip hop, soul,",,2015-12-25 00:00:00,,0,0,,0,0
251,EeTPi2a2Ld4,My Last,Big Sean,", hip hop,",,2015-12-25 00:00:00,,0,0,,70tFuqBcduJv15bEnOPRTh,0
175,cZaJYDPY-YQ,I Don't Fuck With You,Big Sean,", hip hop,",,2015-12-25 00:00:00,,0,0,,7FYH5AW3bVfZHJIQpq3UOA,0
140,M6t47RI4bns,Blessings,Big Sean,", hip hop,",,2015-12-25 00:00:00,,0,0,,1bzM1cd6oqFozdr4wK6HdR,0
252,9iCd6UHR-3I,Still Fly,Big Tymers,", hip hop, southern rap,",,2015-12-25 00:00:00,,0,0,,563vSy3HB5NHxel1VGQCW6,0
113,e2QKlmMT8II,I'm Different,2 Chainz,", hip hop,",,2015-12-25 00:00:00,,0,0,,6J5sxraPPZ4b0CVOGAgpXj,0
30,NhheiPTdZCw,The Music Scene,Blockhead,", instrumental hip hop, trip hop, downtempo, electronic, idm,",,2015-12-25 00:00:00,,0,0,,12TyU7JblI0e8WhMTck8bF,0
109,nIk0ztHU3yU,Barcode,Blood Diamond,", electronic, hip hop,",,2015-12-25 00:00:00,,0,0,,0,0
81,_GiEoLXC9nk,Phone Sex,Blood Diamonds and Grimes,", electronic, synthpop, dream pop, electropop, ethereal, wave, ambient ,",,2015-12-25 00:00:00,,0,0,,0,0
239,b-YmjBdNqc4,Baby I Got That,Bondax,", electropop,",,2015-12-25 00:00:00,,0,0,,5VHDETSrZI6fCKuaa8YIZq,0
240,LPTE9SxYUVE,All I See,Bondax,", electropop,",,2015-12-25 00:00:00,,0,0,,3Vr1FxMHtBLnQASeLl8YmG,0
245,BJj_0uiaRFM,Gold,Bondax,", electropop,",,2015-12-25 00:00:00,,0,0,,5EUlMkyX5kwBp2SFU6PqVi,0
27,isQlpw57L1M,"Gold (Snakehips Remix),",Bondax,", electropop,",,2015-12-25 00:00:00,,0,0,,0,0
190,m0EiujcV3Tg,Jack,Breach,", electronic, dance,",,2015-12-25 00:00:00,,0,0,,1AB2QUlvliy0QclNdEbZ6C,0
335,h2S3RvIHwGs,Blackout,Breathe Carolina,", electropop, edm, electronic rock,",,2015-12-25 00:00:00,,0,0,,3RLC8jJmDOZwrJ5izaISXr,0
71,flNm0uy98eI,In Mind,Brothertiger,", electronic,",,2015-12-25 00:00:00,,0,0,,0J8jhDDcK11FkEvqQFF63L,0
152,U9UTyX-qqVY,Timeless Dream,Cajoline ,", electronic, disco,",,2015-12-25 00:00:00,,0,0,,0,0
262,6ACl8s_tBzE,Blame,Calvin Harris,", edm, electro house, electropop, dance-pop, nu-disco,",,2015-12-25 00:00:00,,0,0,,07nH4ifBxUB4lZcsf44Brn,0
263,dGghkjpNCQ8,Feel So Close,Calvin Harris,", edm, electro house, electropop, dance-pop, nu-disco,",,2015-12-25 00:00:00,,0,0,,1gihuPhrLraKYrJMAEONyc,0
264,cl3b7dDBLpo,Thinking About You,Calvin Harris,", edm, electro house, electropop, dance-pop, nu-disco,",,2015-12-25 00:00:00,,0,0,,1KtD0xaLAikgIt5tPbteZQ,0
166,ooZwmeUfuXg,Bounce,Calvin Harris,", edm, electro house, electropop, dance-pop, nu-disco,",,2015-12-25 00:00:00,,0,0,,0,0
390,ZJQO_228-UA,I Like Tuh,Carnage,", hip hop, r&b,",,2015-12-25 00:00:00,,0,0,,07oiSjg6TiehyOS3pRJo0l,0
19,30RLLTGrgxU,Sauna,Casey Veggies,", hip hop,",sauna/steam/hip-hop,2015-12-25 00:00:00,,0,0,,1s2cLSB0A5Gf4uYcLmajHL,0
299,AOPMlIIg_38,Boom Clap,Charli XCX,", electropop, dance pop,",,2015-12-25 00:00:00,,0,0,,0PjkFSNBbpfYRYpAG4uuGb,0
368,cHuRtBA5Esg,Boom Clap (Aeroplane Remix),Charli XCX,", electropop, dance pop,",,2015-12-25 00:00:00,,0,0,,6t0lUQqLtQdFBxzddVas4d,0
158,8h3t2h4NKPY,Doses and Mimosas,Cherub,", nu-disco, electro-indie,",,2015-12-25 00:00:00,,0,0,,44CZRkOxv7UItaAUmh8PgN,0
147,EIQQnoeepgU,1998,Chet Faker,", electronic, pbr&b, downtemp, soul, trip hop,",,2015-12-25 00:00:00,,0,0,,6T2BLEa8Qu8TKsIVMrwH8S,0
442,aP_-P_BS6KY,Talk Is Cheap,Chet Faker,", electronic, pbr&b, downtemp, soul, trip hop,",,2015-12-25 00:00:00,,0,0,,3KfT22UTvoN3Cpg6dujW2F,0
268,5idPxzDg0VI,"""Ambidextrous"" - The Signal",Chief WaKil,", hip hop,",,2015-12-25 00:00:00,,0,0,,0,0
128,jx96Twg-Aew,Sober,Childish Gambino,", hip hop, r&b, alternative hip hop,",,2015-12-25 00:00:00,,0,0,,6olUplztLFFfU7fMYmFXOP,0
129,tG35R8F2j8k,3005,Childish Gambino,", hip hop, r&b, alternative hip hop,",,2015-12-25 00:00:00,,0,0,,3Z2sglqDj1rDRMF5x0Sz2R,0
130,p3f-eDzkxcw,Telegraph Ave,Childish Gambino,", hip hop, r&b, alternative hip hop,",,2015-12-25 00:00:00,,0,0,,7yCw7WbWOIRYe7z2aRjAaA,0
13,dwUug-ucBLc,The Worst Guys,Childish Gambino,", hip hop, r&b, alternative hip hop,",hip-hop/beach,2015-12-25 00:00:00,,0,0,,7pRcWov3NHxi0GDkKdbSb0,0
64,hZf_xexzN74,Cold Nights,Chordashian,", electronic,",,2015-12-25 00:00:00,,0,0,,7wYK5eCBWNtORRrToouC7s,0
139,zKCrSN9oXgQ,Ayo,Chris Brown,", hip hop,",,2015-12-25 00:00:00,,0,0,,0k6DnZMLoEUH8NGD5zh2SE,0
75,KrMl32cuC2A,So Good To Me,Chris Malinchak,", house, deep house,",,2015-12-25 00:00:00,,0,0,,34E4Who6yQOUV8Pp7atgB6,0
151,16yiEXhOukg,My Body,Cleavage,", house,",,2015-12-25 00:00:00,,0,0,,0,0
348,mTzEp4CeWT8,West Coast,Coconut Records,", indie, rock, pop,",,2015-12-25 00:00:00,,0,0,,1AtnxUR7yOlRsfjzF2kpuv,0
133,c-jKfLXYQqw,High Road,Cults,", indie rock, pop,",,2015-12-25 00:00:00,,0,0,,1eZLrXjki3s7CiNKMlpHQe,0
148,LKYPYj2XX80,Around the World,Daft Punk,", house, electronic, disco, dance,",,2015-12-25 00:00:00,,0,0,,1pKYYY0dkg23sQQXi0Q5zN,0
214,CZa2lY9CFyM,DIP,Danny Brown,", alternative hip hop,",,2015-12-25 00:00:00,,0,0,,29Zj1r8cek15xe08vNUOLy,0
213,NHfWY0is3rE,Grown Up,Danny Brown,", alternative hip hop,",,2015-12-25 00:00:00,,0,0,,5ic68M3jaJTEUcEIh5PcqX,0
108,d0s0XHVUGF0,25 Bucks,Danny Brown,", alternative hip hop,",,2015-12-25 00:00:00,,0,0,,5FKaV2J0xiwRENDsl0bMn4,0
122,JRfuAukYTKg,Titanium,David Guetta,", edm, house, progressive house, electro house, dance pop,",,2015-12-25 00:00:00,,0,0,,77TT8Xvx637TpzV8kKGkUw,0
460,ZTidn2dBYbY,True Survivor,David Hasselhoff,", pop, rock,",,2015-12-25 00:00:00,,0,0,,7qmc9aGD1WuX9tnGJX5dC4,0
343,qwyzdWVDGZ4,All I Want,Dawn Golden,", alternative,",,2015-12-25 00:00:00,,0,0,,2ZOti5lbKK7yAolIwWT6Pf,0
361,Pphrk6wE5aw,The Sound of Settling,Death Cab For Cutie,", alternative rock, indie pop, indie rock,",,2015-12-25 00:00:00,,0,0,,3OeQl1CTURzhwzd5R4KWrf,0
363,pq-yP7mb8UE,I Will Possess Your Heart,Death Cab For Cutie,", alternative rock, indie pop, indie rock,",,2015-12-25 00:00:00,,0,0,,77vYwoC7e3pVoPq8BA9CuL,0
174,uMK0prafzw0,Ugly Boy,DIE ANTWOOD,", alternative hip hop, rave,",,2015-12-25 00:00:00,,0,0,,0,0
181,YMPF6lpM0XM,Stillness is the Move,Dirty Projectors,", indie rock, experimental pop,",,2015-12-25 00:00:00,,0,0,,5IHiX99uzPBDfN2MLHT3Mh,0
182,vlvKLNghq6Y,About to Die,Dirty Projectors,", indie rock, experimental pop,",,2015-12-25 00:00:00,,0,0,,0byUGapJ70OOpxIC3U1jlf,0
183,vncbG-QJlng,Hi Custodian,Dirty Projectors,", indie rock, experimental pop,",,2015-12-25 00:00:00,,0,0,,0,0
47,bkk2H3Ztrfk,White Noise,Disclosure,", house, deep house, uk garage, synthpop, future garage, uk funky,",,2015-12-25 00:00:00,,0,0,,1wap9wHVL6wzhmQOuyhwMH,0
189,4nsKDJlpUbA,When a Fire Starts to Burn,Disclosure,", house, deep house, uk garage, synthpop, future garage, uk funky,",,2015-12-25 00:00:00,,0,0,,7qVLZuvzNjyiy3TVtEBwBE,0
142,HdfgiIBzsBM,Wait On Me,Pell ft.Dent May,", hip hop, rap,",,2015-12-25 00:00:00,,0,0,,2HpAZHzHc9ldYvrNWu0YZV,0
72,hi4pzKvuEQM,Gold,Chet Faker,", electronic, pbr&b, downtemp, soul, trip hop,",,2015-12-25 00:00:00,,1,0,,1oPenAfTz9oa1RWNBGy0tO,0
556,UI9WCl4Cd8E,Order More,G-Eazy,", chill rap, hip hop,   ,",,2016-03-02 06:38:54,2016-03-02 06:38:55.488302,0,3,,5O2Yjlcs5pSpHq1gcA0cwg,0
169,CxnaPa8ohmM,I Mean It,G-Eazy,", hip hop,",,2015-12-25 00:00:00,,0,0,,6jmTHeoWvBaSrwWttr8Xvu,0
201,eEWYwQR9jPE,Tumblr Girls,G-Eazy,", hip hop,",,2015-12-25 00:00:00,,0,0,,4Fv6wNYUixnYkj3Dgfrls8,0
306,P8iqTWn7xbg,Runaround Sue,G-Eazy,", hip hop,",,2015-12-25 00:00:00,,0,0,,0,0
202,GnXqUHgNgs0,LOADED,G-Eazy,", hip hop,",,2015-12-25 00:00:00,,0,0,,6uz0z5oMeC8QWfTHeR5qlF,0
411,WhmyWYmO3uA,Seconds,Ghost Loft,", electronic, r&b,",,2015-12-25 00:00:00,,0,0,,7603o589huckPbiELnUKgu,0
412,nmPSlcRfwmk,So High,Ghost Loft,", electronic, r&b,",,2015-12-25 00:00:00,,0,0,,6UUOkhXDWTqVYjzqNJ1F0x,0
55,Ra9lFNglvIQ,All My Life,Gigamesh,", electronic, retro,",,2015-12-25 00:00:00,,0,0,,558H7AyiaOkSQSj7BKzPqe,0
325,nVnNGDWJDKg,Don't Stop,Gigamesh,", electronic, retro,",,2015-12-25 00:00:00,,0,0,,0,0
336,Wgz-PvgiO9M,Dream On,Gigamesh,", electronic, retro,",,2015-12-25 00:00:00,,0,0,,0,0
63,3Hv1DElPXV0,Tell Me,Giraffage,", electronic, dreampop, lo-fi, trap,",,2015-12-25 00:00:00,,0,0,,1QH87F5cuOt8ktLU2Dnh7E,0
204,OrpXSly9gHY,Even Though,Giraffage ,", electronic, dreampop, lo-fi, trap,",,2015-12-25 00:00:00,,0,0,,0,0
82,l35GTSbKMpY,Embrace,Goldroom,", nu-disco, deep house, electropop, tropical house,",,2015-12-25 00:00:00,,0,0,,3rp2n5UsWpMPsNuPpFKEm1,0
319,8UVNT4wvIGY,Somebody That I Used To Know,Gotye,", indie rock, alternative rock, indie pop, trip hop,",,2015-12-25 00:00:00,,0,0,,4wCmqSrbyCgxEXROQE6vtV,0
79,SyTchswHxhY,You're the One For Me,Great Good Fine OK,", pop,",,2015-12-25 00:00:00,,0,0,,3UzHyDmqpBJR2J65h0702t,0
90,OJpC9JqSnJk,The Knife,Grizzly Bear,", indie rock, folk rock, psychadelic pop, neo-psychadelia, art rock, experimental,",,2015-12-25 00:00:00,,0,0,,0,0
17,J2ouQMCcOz4,NRG,Duck Sauce,", house, nu-disco, dance,",weird/strange/sales/show,2015-12-25 00:00:00,,1,0,,1kU6CHxvOFoMLPzRwzVLUl,0
68,JI6fDb6IBmU,Foreign Language,Flight Facilities,", disco, house, indie pop,electronic,",,2015-12-25 00:00:00,,1,0,,1SWtzh0fKCtJsEr81LQBwK,0
342,vm3JMC2HiWc,Move On,Garden City Movement,", electronic, chillwave, indie pop, trip hop,",,2015-12-25 00:00:00,,1,0,,6xPkf69rcfWM0Jfll6V3uo,0
421,hN-HKyBivTk,Too Much (Jarreau Vandal Remix),Drake,", hip hop, r&b,",,2015-12-25 00:00:00,,0,0,,0,0
170,FCbWLSZrZfw,Chum,Earl Sweatshirt,", hip hop, horrorcore,",,2015-12-25 00:00:00,,0,0,,6plT7nFGiXKSBP9HFSI4ef,0
423,tZ5Mu2gs-M8,Grief,Earl Sweatshirt,", hip hop, horrorcore,",,2015-12-25 00:00:00,,0,0,,47A4a2ZxJaZz5nBME2HtXs,0
134,0FcDXL5Aw0o,Hive,Earl Sweatshirt,", hip hop, horrorcore,",,2015-12-25 00:00:00,,0,0,,6JKoTnberZoBgUuxa6l4Kh,0
394,Orq_75kFi8I,Bloodstream,Ed Sheeran ,", acoustic, folk, pop,",,2015-12-25 00:00:00,,0,0,,0,0
84,Or-GhD9nZkg,"Stereo Love (Molella Remix),",Edward Maya,", house, electronic,",,2015-12-25 00:00:00,,0,0,,7KW1JDjDgrPn3HBYO3imer,0
91,4306i99LMXo,Home,Edward Sharpe,", indie folk, psychedelic folk, folk rock, freak folk, new weird america, neo-psychedelia,",,2015-12-25 00:00:00,,0,0,,0,0
96,buQpcpQqdKo,Desert Song,Edward Sharpe,", indie folk, psychedelic folk, folk rock, freak folk, new weird america, neo-psychedelia,",,2015-12-25 00:00:00,,0,0,,0,0
289,1prhCWO_518,Call It What You Want,Foster The People,", indie pop, alternative rock, indielectronica, alternative dance, neo-psychedelia,",,2015-12-25 00:00:00,,0,0,,3u1Er1rkjn1oSz1xdZH3ZD,0
290,ABzh6hTYpb8,Helena Beat,Foster The People,", indie pop, alternative rock, indielectronica, alternative dance, neo-psychedelia,",,2015-12-25 00:00:00,,0,0,,4VbDJMkAX3dWNBdn3KH6Wx,0
310,oLGnR0UldCM,Solace,Fyfe,", alternative,",,2015-12-25 00:00:00,,0,0,,0JWLZ6qmGKGZnjH3nUi5Jt,0
59,JtH68PJIQLE,Oblivion,Grimes,", synthpop, futurepop, dreampop, dance,",,2015-12-25 00:00:00,,0,0,,4P6n0udLAnmCNXVcobYbsK,0
4,1FH-q0I1fJY,Genesis,Grimes,", synthpop, futurepop, dreampop, dance,",weird/chill/relaxed,2015-12-25 00:00:00,,0,0,,4sCYKMatyhazyy6r2N7Hp2,0
244,N9XKLqGqwLA,REALiTi,Grimes,", synthpop, futurepop, dreampop, dance,",,2015-12-25 00:00:00,,0,0,,3AAdbLZWOptsP8ViSj71RD,0
266,VzjQ8-dU3W8,First Day Of Summer,INTUITION ,", hip hop,",,2015-12-25 00:00:00,,0,0,,0,0
388,vHU6ZRQJ50Q,G.O.M.D,J. Cole,", hip hop,",,2015-12-25 00:00:00,,0,0,,16qYlQ6koFxYVbiJbGHblz,0
253,LUg7G3CPos0,"Girls, Girls, Girls",Jay-Z,", hip hop,",,2015-12-25 00:00:00,,0,0,,0,0
445,ZF2lZesYZo0,Kathy Lee,Jessy Lanza,", pbr&b, synthpop, dance-pop,",,2015-12-25 00:00:00,,0,0,,2m6lLH5le0TuqGLuMeRzNS,0
62,llYWjltBUPU,Tobago,Jonas Rathsman,", electronic,",,2015-12-25 00:00:00,,0,0,,6olPSu0DIrpiLYBfgb0EAk,0
389,URbDgvXiGfg,All I Need,Juicy J.,", hip hop,",,2015-12-25 00:00:00,,0,0,,0,0
178,SVq2yMuAMVQ,Civilization,Justice,", electro house, electronic, nu-disco, electroclash, electronic rock, alternative dance,",,2015-12-25 00:00:00,,0,0,,5HQDspxnwlx9RCJINFxeGZ,0
114,Jg5wkZ-dJXA,Runaway (Full Length),Kanye West,", hip hop,",,2015-12-25 00:00:00,,0,0,,0,0
69,A6lPmv5g2sA,Nightcall,Kavinsky,", synthpop, new wave, alternative dance,",,2015-12-25 00:00:00,,0,0,,0U0ldCRmgCqhVvD6ksG63j,0
187,TEFKZ-7x7xU,Nightcall,Kavinsky,", synthpop, new wave, alternative dance,",,2015-12-25 00:00:00,,0,0,,0U0ldCRmgCqhVvD6ksG63j,0
274,KLdriwU4mxk,Headson,Kazy Lambist,", electronic, electronica,",,2015-12-25 00:00:00,,0,0,,1i8S8b09hPcQEpi3U5cuwy,0
257,8aShfolR6w8,i,Kendrick Lamar,", alternative, funk,",,2015-12-25 00:00:00,,0,0,,7wdzLe2Gsx1RGqbvYZHASz,0
157,7xzU9Qqdqww,Pursuit of Happiness,Kid Cudi feat. Ratatat,", alternative hip hop, neo-psychedelia,",,2015-12-25 00:00:00,,0,0,,5iSEsR6NKjlC9SrIJkyL3k,0
246,AmSV2cim0Qg,Make Her Say,"Kid Cudi ft. Kanye West, Common",", hip hop,",,2015-12-25 00:00:00,,0,0,,7dZAPeA3Of5j5Vaef0DQ6M,0
247,Xt22KvnRSL4,Make Her Say,"Kid Cudi ft. Kanye West, Common",", hip hop,",,2015-12-25 00:00:00,,0,0,,7dZAPeA3Of5j5Vaef0DQ6M,0
297,kwxIFk3tZSI,Take Me To Church (Hozier Cover),Kiesza,", indie rock, soul,",,2015-12-25 00:00:00,,0,0,,0,0
414,N385ebYi3Sw,Locket,Kilo Kish,", alternative,",,2015-12-25 00:00:00,,0,0,,1UBF9xXg4ay3aSxQYI3Sqw,0
324,hvZJI8rerWA,Rock Bottom,King Krule,", indie rock, punk jazz, jazz fusion, post-punk, hip hop, darkwave,",,2015-12-25 00:00:00,,0,0,,0,0
116,b6vSf0cA9qY,Jubel,Klingande,", tropical house, deep house,",,2015-12-25 00:00:00,,0,0,,03RENvqJKYdvWUhbuZwJY3,0
192,6WJFjXtHcy4,Gucci Gucci,Kreayshawn,", hip hop,",,2015-12-25 00:00:00,,0,0,,1ea97AUSazu2QZw9BnHJqK,0
392,BgfcToAjfdc,Stole The Show,Kygo feat. Parson James,", house, tropical house,",,2015-12-25 00:00:00,,0,0,,4iZPNYqzI2L0uwuUKun7Aa,0
267,bqMpt1Ye79A,Silver Platter,KYLE,", hip hop,",,2015-12-25 00:00:00,,0,0,,0,0
219,JRWox-i6aAk,Blue Jeans,Lana Del Rey,", baroque pop, dream pop, indie pop, psychedelic rock, rock, trip hop,",,2015-12-25 00:00:00,,0,0,,2lFTzUnuGaWlWHJQokjRyb,0
360,4knuoIAWweA,Blue Jeans (RAC Remix),Lana Del Rey,", baroque pop, dream pop, indie pop, psychedelic rock, rock, trip hop,",,2015-12-25 00:00:00,,0,0,,318wNrLsgmWWmf5CliavKU,0
334,cE6wxDqdOV0,Video Games ,Lana del Rey,", baroque pop, dream pop, indie pop, psychedelic rock, rock, trip hop,",,2015-12-25 00:00:00,,0,0,,24jvD83UgLmrdGjhWTFslY,0
418,Bag1gUxuU0g,Born To Die,Lana Del Rey,", baroque pop, dream pop, indie pop, psychedelic rock, rock, trip hop,",,2015-12-25 00:00:00,,0,0,,487OPlneJNni3NWC8SYqhW,0
347,a0BEDnYkGmc,This This This,Late Night Alumni,", house,chill,null,",,2015-12-25 00:00:00,,0,0,,0,0
54,MGBj3LD-nko,Cool,Le Youth,", electronica, house,",,2015-12-25 00:00:00,,0,0,,0,0
455,yvHYWD29ZNY,$ave Dat Money feat. Fetty Wap and Rich Homie Quan (Official Music Video),Lil Dicky,", pop-rap, hip hop, comedy, comedy hip hop,",,2015-12-25 00:00:00,,0,0,,0,0
456,LlU4FuIJT2k,Professional Rapper (Feat. Snoop Dogg),Lil Dicky,", pop-rap, hip hop, comedy, comedy hip hop,",,2015-12-25 00:00:00,,0,0,,1Ysc1uDZtf430TGavoS1j4,0
269,_y_Xpps46Uc,Coco,Lil Wayne,", gangsta rap, trap, hip hop,",,2015-12-25 00:00:00,,0,0,,0,0
332,C169fjEBC3o,Everything To Me,Lips,", rock, indie, alternative, indie rock, chillwave,",,2015-12-25 00:00:00,,0,0,,6LDmNRL04GXu2yWxkSpu2o,0
105,129pN3dobGM,The World Should Revolve Around Me,Little Jackie,", r&b,",,2015-12-25 00:00:00,,0,0,,1qi1FFpqMQKnHfzEMjdind,0
375,eIGh4Nc1fAM,All I Do,Logic,", hip hop,",,2015-12-25 00:00:00,,0,0,,0,0
376,fPEsDF5WL1w,The Spotlight,Logic,", hip hop,",,2015-12-25 00:00:00,,0,0,,0,0
138,S77zUWqawag,Around My Way,Lupe Fiasco,", hip hop,",,2015-12-25 00:00:00,,0,0,,2Vba5MBCdGqcE57GSiOstv,0
76,nskaoVf8PPM,"I Follow Rivers (The Magician Remix),",Lykke Li,", indie pop,",,2015-12-25 00:00:00,,0,0,,4Jv7lweGIUOFQ7Oq2AtAh9,0
31,RZNvjaJZVMg,Tiny Anthem,M Machine,", electro house, alternative dance, progressive house,",,2015-12-25 00:00:00,,0,0,,0,0
193,ewRjZoRtu0Y,Paper Planes,M.I.A.,", hard rock,",,2015-12-25 00:00:00,,0,0,,1kusepF3AacIEtUTYrw4GV,0
161,a8Iqskd_Vq8,Steve McQueen,M83,", synthpop, shoegaze, dream pop, post-rock, ambient,",,2015-12-25 00:00:00,,0,0,,5iXWkUMZYRZADokxXnniYt,0
16,wIuBcb2T55Q,My Kind of Woman,Mac DeMarco,", alternative,",weird/thrift shop,2015-12-25 00:00:00,,0,0,,2OFrAsP5Vrcb0DtsPNsm54,0
436,1nZKwreCVtU,America,Mac Miller feat. Casey Veggies ,", hip hop,",,2015-12-25 00:00:00,,0,0,,0,0
320,Puph1hejMQE,"Ready, Able",Grizzly Bear,", indie rock, folk rock, psychadelic pop, neo-psychadelia, art rock, experimental,",,2015-12-25 00:00:00,,0,0,,5cf1ZfI16kHp3S1ySpQ36G,0
65,KuPTc_aWh2k,Love Strong,Moon Boots,", electronic, electronica,",,2015-12-25 00:00:00,,0,1,,2NhjrPCaQzDULWWZ0kOcGU,0
453,fvDQy53eldY,Otherside (Fences Remix) ,Macklemore x Ryan Lewis,", hip hop, alternative hip hop,",,2015-12-25 00:00:00,,0,0,,0,0
435,GjeM73Kx8nk,Compuphonic,Maddslinky,", uk garage, 2-step garage, uk funky, broken beat,",,2015-12-25 00:00:00,,0,0,,0,0
384,B496Qv0CuOQ,Pop Culture,Madeon,", french house, electro house, house, nu-disco, pop,",,2015-12-25 00:00:00,,0,0,,0,0
369,PIh2xe4jnpk,Rude,MAGIC!,", pop,",,2015-12-25 00:00:00,,0,0,,3tCwjWLicbjsMCvXhN0WOE,0
8,ytIfSuy_mOA,Get Free,Major Lazer feat. Amber,", alternative,",chill/foreign,2015-12-25 00:00:00,,0,0,,42xDAj5qNVFcxciJP3hSJd,0
41,gCYcHz2k5x0,Animals,Martin Garrix,", edm, electro house, big room, house, progressive house,",,2015-12-25 00:00:00,,0,0,,6JEntXLt4z98CcDtIH9sU7,0
391,nJSdYlAFKqA,Don't Look Down,Martin Garrix feat. Usher,", edm, electro house, big room, house, progressive house,",,2015-12-25 00:00:00,,0,0,,5M9jOReAKGZ2AttVefFjTY,0
49,AwLzZoB6y8A,Mozart,Mat Zo & Arty,", dance, electronic, electronica,",,2015-12-25 00:00:00,,0,0,,0,0
275,WgBeu3FVi60,Daylight,Matt ,", indie pop, alternative dance,",,2015-12-25 00:00:00,,0,0,,0,0
276,mJsVCi0UsSM,Let's Go,Matt ,", indie pop, alternative dance,",,2015-12-25 00:00:00,,0,0,,0,0
393,s2_YDtKmsVA,Gibberish,MAX feat. Hoodie Allen,", hip hop, pop,",,2015-12-25 00:00:00,,0,0,,78V3IWdq5QGnmZrI70qE5k,0
317,7PCkvCPvDXk,All About That Bass,Meghan Trainor,", pop, doo-wop,",,2015-12-25 00:00:00,,0,0,,0ifSeVGUr7py5GggttDhXw,0
194,v29I0srhPwg,I Folllow You,Melody's Echo Chamber,", pyschedelic rock, neo-psychedelia, dream pop, space rock,",,2015-12-25 00:00:00,,0,0,,77IywFOJxAk4uwdIss1Qsr,0
207,sfy0_vhfb-s,Crystallized,Melody's Echo Chamber,", pyschedelic rock, neo-psychedelia, dream pop, space rock,",,2015-12-25 00:00:00,,0,0,,1QhfLopkAAkDRpUmMJ1ZSh,0
179,9PnOG67flRA,The Bay,Metronomy,", nu-disco, wonky pop,",,2015-12-25 00:00:00,,0,0,,3ySxo6vRP0t9WCqhYXXMWN,0
180,zbshkpe7vZE,I'm Aquarius,Metronomy,", nu-disco, wonky pop,",,2015-12-25 00:00:00,,0,0,,5gRBzv7QQJXz7HkEJYBIyx,0
261,9P2w_hq8YTk,Everything Goes My Way,Metronomy,", nu-disco, wonky pop,",,2015-12-25 00:00:00,,0,0,,7r3oumwvHjsnh5IPtGrfNB,0
273,sFrNsSnk8GM,The Look,Metronomy,", nu-disco, wonky pop,",,2015-12-25 00:00:00,,0,0,,3b4GWSS7QnzRKqH0mEYcFH,0
256,A_J7kEhY9sM,Wild Boy,MGK ft. WAKA FLOCKA FLAME,", hip hop,",,2015-12-25 00:00:00,,0,0,,6vO90gbxZCq7fw2e0pSRkw,0
163,MmZexg8sxyk,Electric Feel,MGMT,", psychedelic rock, indie rock, psychedelic pop, indietronica,",,2015-12-25 00:00:00,,0,0,,3FtYbEfBqAlGO46NUDQSAt,0
321,fe4EK4HSPkI,Kids,MGMT,", psychedelic rock, indie rock, psychedelic pop, indietronica,",,2015-12-25 00:00:00,,0,0,,1jJci4qxiYcOHhQR247rEU,0
25,s-BW2gKnVz8,Do You,Miguel,", pop rock, r&b,",,2015-12-25 00:00:00,,0,0,,4THgRPmLvhNmM9Lzj8qrvH,0
86,G29d6RDSK1c,This Must Be The Place,Miles Fisher,", pop,",,2015-12-25 00:00:00,,0,0,,55h72bRMkO7jqGDziRKrxF,0
112,LrUvu1mlWco,We Can't Stop,Miley Cyrus,", r&b, dance-pop,",,2015-12-25 00:00:00,,0,0,,2y4lAQpi5VTNLu2ldeTdUH,0
398,r8BsuT0PWdI,Flashed Junk Mind,Milky Chance,", chill,",chill,2015-12-25 00:00:00,,0,0,,5mpLcXEsk3jjzLFGuNKk5I,0
238,JcaYKuK-q40,Slide,Missy Elliot,", hip hop, r&b,",,2015-12-25 00:00:00,,0,0,,0,0
94,ALFu4D5NGbg,New Year's Eve,MO,", pop,",,2015-12-25 00:00:00,,0,0,,0,0
382,p6QPwByNxlc,All That I Know,Moosh ,", hip hop, rap,",,2015-12-25 00:00:00,,0,0,,0,0
278,aVBH1qIqe7Y,You Took Your Time,Mount Kimbie feat. King Krule,", post-dubstep, minimal, ambient,",,2015-12-25 00:00:00,,0,0,,3zBgPi9s8iroxNQ5rNYeQR,0
3,xc1u9X4HFAE,False Astronomy,Mr. Lies,", chill,",smoke/chill/relaxed,2015-12-25 00:00:00,,0,0,,0,0
333,j37SniohwFA,Sierra Leone,Mt. Eden,", dubstep, edm,",,2015-12-25 00:00:00,,0,0,,5l6tv2lFylSdCgkWyfHC0P,0
318,3O1_3zBUKM8,La La La,Naughty Boy feat. Sam Smith,", uk garage, r&b, dance-pop,",,2015-12-25 00:00:00,,0,0,,36pLU2ywVeBKEF0rrKtmCB,0
40,NQq7tmwvjr8,"Reason (Hook & Sling Remix),",Nervo,", edm, electro house, progressive house,",,2015-12-25 00:00:00,,0,0,,0,0
446,_woNBiIyOKI,Eclipse,Nosaj Thing,", electronic, hip hop,",,2015-12-25 00:00:00,,0,0,,0,0
448,aPAkcB5JgYc,Us,Nosaj Thing,", electronic, hip hop,",,2015-12-25 00:00:00,,0,0,,0,0
447,cxa1Y71Lgyg,Ethereal,Nosaj Thing and Pretty Lights,", electronic, hip hop,",,2015-12-25 00:00:00,,0,0,,0,0
449,GK8mtokmoaQ,Try,Nosaj Thing feat. Toro Y Moi,", electronic, hip hop,",,2015-12-25 00:00:00,,0,0,,0EBMyND2B1nwT6SNvVEa2F,0
110,6vYnas6q3Sg,CoCo,O.T. Genesis,", hip hop,",,2015-12-25 00:00:00,,0,0,,0,0
57,NyPtlOoCmV4,My Friends Never Die,Odesza,", indietronica, electropop, chillwave,",,2015-12-25 00:00:00,,0,0,,2eMh8ISgK9dylE51SJUixA,0
150,Z7enjMpDggk,Sun Models,ODESZA,", indietronica, electropop, chillwave,",,2015-12-25 00:00:00,,0,0,,7jZHUhAmW5oq1cq6s8IxmK,0
294,0gEVaniPOmU,Mountain Sound,Of Monsters and Men,", indie folk, indie pop,",,2015-12-25 00:00:00,,0,0,,60ZGteAEtPCnGE6zevgUcd,0
280,dLa_ryRjC7M,If I Lose Myself (Alesso Remix),OneRepublic,", pop rock, alternative rock,",,2015-12-25 00:00:00,,0,0,,0,0
159,UylPrMcurB8,Always,Panama,", electronic, alternative, indie pop, electronica,",,2015-12-25 00:00:00,,0,0,,4jozjPDv6YVVDmDqDQqyTf,0
438,I-hDU63G1lc,Stay Forever,Panama,", electronic, alternative, indie pop, electronica,",,2015-12-25 00:00:00,,0,0,,0ecsmeAZzwOKIwceh23HoE,0
441,YMKZIaIN7O4,It's Not Over,Panama,", electronic, alternative, indie pop, electronica,",,2015-12-25 00:00:00,,0,0,,2tYyyvbRngq9Z6LTTFko6Y,0
162,T0RvPYRRRbE,Sleepyhead,Passion Pit,", alternative dance, indietronica, synthpop, indie pop, neo-psychedelia,",,2015-12-25 00:00:00,,0,0,,4prEPl61C8qZpeo3IkYSMl,0
259,5bfseWNmlds,Sleepyhead,Passion Pit,", alternative dance, indietronica, synthpop, indie pop, neo-psychedelia,",,2015-12-25 00:00:00,,0,0,,4prEPl61C8qZpeo3IkYSMl,0
371,ru-LgSvOCrE,Otherside,Macklemore x Ryan Lewis,", hip hop, alternative hip hop,",,2015-12-25 00:00:00,,0,0,,0,0
293,ghb6eDopW8I,Little Talks,Of Monsters and Men,", indie folk, indie pop,",,2015-12-25 00:00:00,,0,0,,3a2tuvXCHbW5nuUckuHkKT,0
184,pAwR6w2TgxY,Alice,Pogo,", big beat, electronica, trip hop, house, plunderphonics,",,2015-12-25 00:00:00,,0,0,,6h4yONyGIFXYhrvEX6jVeb,0
167,_Afy5B-rWoc,One Day They'll Know (ODESZA Remix),Pretty Lights,", electronica, nu jazz, hip hop, soul, glitch hop, trip hop, downtempo,",,2015-12-25 00:00:00,,0,0,,4n6z0yh2ZpoGh0RNyGVu52,0
287,SDTZ7iX4vTQ,Foster The People,Pumped Up Kicks,", indie pop, alternative rock, indietronica, alternative dance, neo-psychedelia,",,2015-12-25 00:00:00,,0,0,,0,0
58,PmRraoL9v7k,Lofticries,Purity Ring,", synthpop, trip hop, dream pop, witch house, futurepop, electronic, electronica,",,2015-12-25 00:00:00,,0,0,,45aZM1UAGfThfsQ6haapFu,0
186,2dN9K8XoDm4,Obedear,Purity Ring,", synthpop, trip hop, dream pop, witch house, futurepop, electronic, electronica,",,2015-12-25 00:00:00,,0,0,,0AVzhaaOaGgdyXJ2orgfwC,0
265,AgueBRR8yLk,Gambler,QuESt,", hip hop, rap,",,2015-12-25 00:00:00,,0,0,,0,0
400,37RYC5aZlRo,Cheap Sunglasses,RAC feat. Matthew Koma,", nu-disco, indietronica, indie rock, alternative dance, synthpop, electronica,",synth-pop/upbeat,2015-12-25 00:00:00,,0,0,,4MatjVmXUxuBf7WeInnRBG,0
404,yju0tRxfGGY,Hollywood,RAC feat. Penguin Prison,", nu-disco, indietronica, indie rock, alternative dance, synthpop, electronica,",synth-pop/upbeat,2015-12-25 00:00:00,,0,0,,3xEqegrcyQtfhWeEMnDyCG,0
39,Jl0G3uH71B8,Rad Anthem,Rad Omen,", electronic, electronica,",,2015-12-25 00:00:00,,0,0,,0OGkg1K6JEmljfa4XkSnkn,0
270,89ODQea3U0k,Rad Anthem,Rad Omen,", electronic, electronica,",,2015-12-25 00:00:00,,0,0,,0OGkg1K6JEmljfa4XkSnkn,0
373,wPNa9YddRqs,Escape,Radical Something,", alternative, hip hop, reggae, pop,",,2015-12-25 00:00:00,,0,0,,70H1jzRQGqgJ0frP4HTiiF,0
372,SfIBy2I13CQ,Be Easy,Radical Something feat. Kinetics,", alternative, hip hop, reggae, pop,",,2015-12-25 00:00:00,,0,0,,3yBuFPKjJuDCZGK86qXwgo,0
451,fwrY0D2ACNk,Throw Sum Mo,Rae Sremmurd feat. Nicki Minaj and Young Thug,", trap, hip hop,",,2015-12-25 00:00:00,,0,0,,5uqphUYsR45kPYplrYSAQh,0
104,YlUKcNNmywk,Californication,Red Hot Chili Peppers,", funk rock, alternative rock, funk metal,",,2015-12-25 00:00:00,,0,0,,34KTEhpPjq6IAgQg2yzJAL,0
349,sng_CdAAw8M,Open,Rhye,", alternative r&b, downtempo, soul,",,2015-12-25 00:00:00,,0,0,,3JsA2sWDNR9oQogGAzqqtH,0
351,JJS5ywEIsA4,The Fall,Rhye,", alternative r&b, downtempo, soul,",,2015-12-25 00:00:00,,0,0,,35yZkNFNVosiHE6Uj0COVM,0
111,pudIZbCRq_c,Throw some D's,Rich Boy,", hip-hop/rap,null,null,",,2015-12-25 00:00:00,,0,0,,6SmPPtaMnfxgz5duA6t9Cu,0
432,CvBfHwUxHIk,Umbrella,Rihanna feat. Jay-Z,", pop, r&b, reggae, hip hop, dance-pop,",,2015-12-25 00:00:00,,0,0,,49FYlytm3dAAraYgpoJZux,0
366,8ip8OsExLJs,Down With The Trumpets,Rizzle Kicks,", british hip hop, alternative hip hop,",,2015-12-25 00:00:00,,0,0,,1Fxp4LBWsNC58NwnGAXJld,0
367,YA_tBIOt8MY,Miss Cigarette,Rizzle Kicks,", british hip hop, alternative hip hop,",,2015-12-25 00:00:00,,0,0,,72Htalpn6n4NDZx4OgQmlq,0
341,sAHR5AIAzAc,Blurred Lines,Robin Thicke,", r&b, soul, disco, funk,",,2015-12-25 00:00:00,,0,0,,0n4bITAu0Y0nigrz3MFJMb,0
346,_VTY8ftr1vY,Wanna Love You Girl,Robin Thicke feat. Pharrell Williams,", r&b, soul, disco, funk,",,2015-12-25 00:00:00,,0,0,,0KM6AKdy0UPr7U4s7nPuwc,0
424,jhKJ7TYugXE,So Bad (Synkro Dub Mix),Robots Don't Sleep,", electronic, electronica,",,2015-12-25 00:00:00,,0,0,,0,0
165,_FD5u2TO-f8,Wave Racer,Rock U Tonight,", electronic, music, dance,",,2015-12-25 00:00:00,,0,0,,0,0
117,bSdtvfBQd6c,Out of the Black,Royal Blood,", hard rock, blues rock, garage rock, rock,",,2015-12-25 00:00:00,,0,0,,2nIulsLMiP2SMTDrtxfQXX,0
350,mpKVXTMGWEc,In Space,Royksopp,", electronic, trip hop, ambient, downtempo, chill-out, house, synthpop, eurodance,",,2015-12-25 00:00:00,,0,0,,0,0
173,tSOUR7fi0eE,Raptor,Rustie,", electronic dance music, electronic, electronica, wonky, instrumental hip hop, dubstep, grime,",,2015-12-25 00:00:00,,0,0,,7dPlyKfNCdTcZTR7dsmhSJ,0
29,Y7y0iEQ_4iE,Snow in Newark,Ryan Hemsworth,", electronic, hip hop,",,2015-12-25 00:00:00,,0,0,,5BF0Di2gIXV5wdlnobIKLF,0
337,ukNOaKeUEQY,Awkward,San Cisco,", indie pop, indie rock, indie folk,",,2015-12-25 00:00:00,,0,0,,6Zkl0z6XpRKOASu1KkvS0l,0
379,cLCaVZ3fmU0,Too Much Time Together,San Cisco,", indie pop, indie rock, indie folk,",,2015-12-25 00:00:00,,0,0,,0LcVvD1iPjqkfVdWd7ClfA,0
7,mIMMZQJ1H6E,Disparate Youth,Santigold,", pop, electronic,",,2015-12-25 00:00:00,,0,0,,0t2QiRkpag0fAgs9zuCPlH,0
177,OcAMZmph6j8,Careless Over You,Sasha Keeble,", pop, dance, r&b, trip hop, ambient, soul,",,2015-12-25 00:00:00,,0,0,,0,0
61,_x6DmYxnBaI,Hold On,SBTRKT,", post-dubstep, indie pop, electronic,",,2015-12-25 00:00:00,,0,0,,0,0
433,A-LEiOzXHWM,Wildfire,SBTRKT,", post-dubstep, indie pop, electronic,",,2015-12-25 00:00:00,,0,0,,65jAG0pqo7HI7OZCKejN4K,0
144,_L2vJEb6lVE,Collard Greens,SchoolBoy Q ft. Kendrick Lamar,", hip hop,",,2015-12-25 00:00:00,,0,0,,0zO8ctW0UiuOefR87OeJOZ,0
425,tv8Se8xSMiw,Places,Shlomo,", electronic, hip hop,",,2015-12-25 00:00:00,,0,0,,0,0
428,iMaQEZLVpR8,No More,Shlomo feat. Jeremih,", electronic, hip hop,",,2015-12-25 00:00:00,,0,0,,0,0
426,K0YgU75_ZG0,Bo Peep (Do You Right),Shlomo fet. Jeremih,", electronic, hip hop,",,2015-12-25 00:00:00,,0,0,,0,0
380,_sDflY5UfRo,Buzzin',Shwayze,", alternative hip hop, hip hop,",,2015-12-25 00:00:00,,0,0,,3wQaW4rEZe7AaDrlrX4eDy,0
155,FnIoZsD2X84,No Other Way,Sinead Harnett ft. Snakehips,", electronic, dance, soul, r&b,",,2015-12-25 00:00:00,,0,0,,5LuXEmya3JlX3ZfdudPAbO,0
218,YJVmu6yttiw,Bangarang,SKRILLEX,", electronica, electronic, electronic dance, dubstep, electro house, post-hardcore,",,2015-12-25 00:00:00,,0,0,,6VRhkROS2SZHGlp0pxndbJ,0
209,fT50k14Rc9A,Youths,Slow Magic,", electronic, music, dance,",,2015-12-25 00:00:00,,0,0,,3G1dAbgApP4NlwMKY1ZMnQ,0
353,EWb8oUwubWg,Forever Pt. II,Snakehips,", electronic, electronica, r&b,",,2015-12-25 00:00:00,,0,0,,4yvKqltUO2ogccevjmT5Yc,0
254,SIQihN--98Y,Let's Get Blown,"Snoop Dogg, Pharrell Williams",", hip hop, pbr&b, r&b, g-funk,",,2015-12-25 00:00:00,,0,0,,0,0
307,e17iXDf0NGE,Lessons,SOHN,", electronic, ambient, pbr&b, r&b,",,2015-12-25 00:00:00,,0,0,,4jEYbXkcIctffZOkcJONoO,0
422,aSjCJdRFbpk,Love You In The Dark,Sombear,", alternative,",,2015-12-25 00:00:00,,0,0,,7qDeafHiegLRnqFDGNRxlR,0
357,RsQjC5zVnt8,Fall In Love,Phantogram,", electronica, indie pop, trip hop, dream pop, shoegaze,",,2015-12-25 00:00:00,,0,0,,5imUTBF35uIoABlV9g9da2,0
284,7HPMK9Uxq3I,Elevate,St. Lucia,", indie electronic, synthpop,",,2015-12-25 00:00:00,,0,0,,5BxVRqpZi6tIhAap1ZjzVD,0
301,7IKIKLepGCs,High,Sun Glitters,", electronic, electronica,",,2015-12-25 00:00:00,,0,0,,0,0
302,4MLhthz4IJ8,Only You,Sun Glitters,", electronic, electronica,",,2015-12-25 00:00:00,,0,0,,0,0
303,LgzBM7EeR7o,Fading Days,Sun Glitters,", electronic, electronica,",,2015-12-25 00:00:00,,0,0,,4px2SS3vwymJYyCxIiiYEe,0
304,nZekR2Gdusk,Lonely Trip,Sun Glitters,", electronic, electronica,",,2015-12-25 00:00:00,,0,0,,1EC0kxOYVgusryPwsMk18u,0
354,Qr5AIKRPIHo,Coffee,Sylvan Esso,", electronic, indie pop,",,2015-12-25 00:00:00,,0,0,,71cUqXJ3h1r0Ees6YdENLU,0
355,xnBjwrRmo2U,Play It Right,Sylvan Esso,", electronic, indie pop,",,2015-12-25 00:00:00,,0,0,,4ZLkFtuDGGbPP4XEsx593Y,0
352,_3ZI_TGTJ0g,On My Own,T. Williams feat. TALA,", dance, garage rock, electronic, electronica,",,2015-12-25 00:00:00,,0,0,,0,0
153,SPXWK_7nXuc,Think of You,T. Williams ft. Tendai,", dance, garage rock, electronic, electronica,",,2015-12-25 00:00:00,,0,0,,0,0
340,U6z_cilnJzg,Why You Wanna,T.I.,", hip hop,",,2015-12-25 00:00:00,,0,0,,7n37dToRMRqUhdOnh9sEhB,0
120,BgK_Er7WZVg,Mind Mischief,Tame Impala,", psychedelic rock, psychedelic pop, neo-psychedelia,",,2015-12-25 00:00:00,,0,0,,6ewQE1dNPv9qqlnB1CxrvM,0
315,e-ORhEE9VVg,Blank Space,Taylor Swift,", country, pop,",,2015-12-25 00:00:00,,0,0,,0,0
316,nfWlot6h_JM,Shake It Off,Taylor Swift,", country, pop,",,2015-12-25 00:00:00,,0,0,,0,0
118,LQ_LUoLTKLo,Let Go,The Japanese Popstars,", electronic, house, electronica,",,2015-12-25 00:00:00,,0,0,,0,0
53,Wv2AQahZwMc,"Shot at Night (Cazzette Remix),",The Killers,", alternative rock, indie rock, post-punk revival, new wave, heartland rock,",,2015-12-25 00:00:00,,0,0,,0,0
87,X4YK-DEkvcw,Shot At The Night,The Killers,", alternative rock, indie rock, post-punk revival, new wave, heartland rock,",,2015-12-25 00:00:00,,0,0,,2aZ2Co4NeQRsqWcU930zHT,0
364,ff0oWESdmH0,When You Were Young,The Killers,", alternative rock, indie rock, post-punk revival, new wave, heartland rock,",,2015-12-25 00:00:00,,0,0,,70wYA8oYHoMzhRRkARoMhU,0
454,3BwzP1laWkQ,Just Another Girl,The Killers,", alternative rock, indie rock, post-punk revival, new wave, heartland rock,",,2015-12-25 00:00:00,,0,0,,3aVyHFxRkf8lSjhWdJ68AW,0
370,emOKaGi8u5U,Classic,The Knocks feat. Powers,", edm, nu-disco, dance,",,2015-12-25 00:00:00,,0,0,,42UaTVeWaNaME7ttu61ykG,0
295,zvCBSSwgtg4,Ho Hey,The Lumineers,", indie folk, folk rock, americana,",,2015-12-25 00:00:00,,0,0,,0W4Kpfp1w2xkY3PrV714B7,0
123,Rcp8SE_FxBg,Pelican,The Maccabees,", indie rock,",,2015-12-25 00:00:00,,0,0,,3rbVv0XOyXcI27mMaJqz4F,0
46,TFXlWfzW9Uo,Sunlight,The Magician,", house, nu-rock,",,2015-12-25 00:00:00,,0,0,,5r3aYGutXgsxSqB6W3RrzJ,0
164,GCdwKhTtNNw,Sweater Weather,The Neighborhood,", alternative,",,2015-12-25 00:00:00,,0,0,,0,0
92,RoLTPcD1S4Q,Simple Song,The Shins,", indie rock, alternative rock, folk rock, dream pop, indie pop, surf rock,",,2015-12-25 00:00:00,,0,0,,48bo7uexDvAThcRDvEB2W7,0
60,JPIhUaONiLU,Often,The Weeknd,", pbr&b, r&b, pop,",,2015-12-25 00:00:00,,0,0,,5SqSckut3FcoQKmGkMWgp1,0
236,T8oLQmqHnws,The Morning,The Weeknd,", pbr&b, r&b, pop,",,2015-12-25 00:00:00,,0,0,,6u0dQik0aif7FQlrhycG1L,0
237,T7m9Cu-bjOE,Loft Music,The Weeknd,", pbr&b, r&b, pop,",,2015-12-25 00:00:00,,0,0,,7xqANDRz8JFxkwfY65WISy,0
235,4F1JFPSQSlE,What You Need,The Weeknd,", pbr&b, r&b, pop,",,2015-12-25 00:00:00,,0,0,,7IpDQcksaT8SxS7vOX4SRm,0
405,2WRuDAasz-8,I Stand Alone,Theophilus London,", rap, hip hop,",rap/chill,2015-12-25 00:00:00,,0,0,,4ia0bq2D0F5zR4gpA92vfN,0
406,HChafej1nbo,Why Even Try,Theophilus London feat. Sara Quin,", rap, hip hop,",rap/chill,2015-12-25 00:00:00,,0,0,,2JG3jjbpzUbRaRYLLvYWGB,0
196,O0_ardwzTrA,So Many Details,Toro Y Moi,", indie pop, electronic, synthpop, chillwave, r&b, hip hop, pbr&b,",,2015-12-25 00:00:00,,0,0,,5Z7cI9glyUTDTRtWSs8K9I,0
12,5jUGAVUwhRU,Down on My Luck,Vic Mensa,", rap, hip hop,",hip-hop/club,2015-12-25 00:00:00,,0,0,,0fRsAGSCbEjdSYM1U3NYx2,0
344,3L_yR_gHGo8,Alternate World,Son Lux,", post-rock, alternative hip hop, trip hop,",,2015-12-25 00:00:00,,0,0,,3vIlnG9R3WboUOC1Obs7SY,0
311,BrjhkRIsAiw,Breathe,Years ,", indie, synthpop, indie pop, electronica, electronic,",,2015-12-25 00:00:00,,0,0,,0,0
312,g_uoH6hJilc,King,Years ,", indie, synthpop, indie pop, electronica, electronic,",,2015-12-25 00:00:00,,0,0,,0,0
313,6nJCF01b510,Desire,Years ,", indie, synthpop, indie pop, electronica, electronic,",,2015-12-25 00:00:00,,0,0,,0,0
93,JyBl5ZgnEr4,Ambling Alp,Yeasayer,", experimental rock, psychedelic pop, worldbeat,",,2015-12-25 00:00:00,,0,0,,6qYC8cq0UiP5oeHkqYMagH,0
143,xvGStAFxXfs,Uptown Funk Remix,YONAS,", hip hop, rap, alternative hip hop, pop,",,2015-12-25 00:00:00,,0,0,,0,0
125,2CAF26JV9qs,First Days of Something,Young Dreams,", alternative,",,2015-12-25 00:00:00,,0,0,,5cTY3UsjrwOpS7VC1Hq2ab,0
126,I1a6h2QIzdQ,Fog Of War,Young Dreams,", alternative,",,2015-12-25 00:00:00,,0,0,,5QGtJmeNShQNY1bo6LFs7G,0
127,LAyKt9pxp7I,Young Dreams,Young Dreams,", alternative,",,2015-12-25 00:00:00,,0,0,,0AsiEE8ekC3vYEHjECqwQh,0
298,iTkuJenFdPU,To You,Young Wonder,", electronic, electronica,",,2015-12-25 00:00:00,,0,0,,4PR71u81rq0wYpWrlGzEAs,0
44,IxxstCcJlsc,Clarity,Zedd,", electro house, house, electronic, electronica,",,2015-12-25 00:00:00,,0,0,,60wwxj6Dd9NJlirf84wr2c,0
132,DDRPf8KHawY,,,", alternative hip hop, experimental hip hop,",,2015-12-25 00:00:00,,0,0,,0,0
488,74UWc5EJJQI,The Booze Cruise,Blackjack Billy,", country, country, country,",,2016-01-08 03:57:13,2016-01-08 03:57:13.913248,0,0,,0mPSK3AWAILS3GujhttnOP,0
489,KRA9vm2SlGs,Round of Applause,chief waKiL,", rap, rap, rap,",,2016-01-08 03:58:46,2016-01-08 03:58:46.153645,0,0,,0,0
490,lPgYjA4pSKM,0 to 100,chief waKil,", rap, rap, rap,",,2016-01-08 04:00:16,2016-01-08 04:00:16.697151,0,0,,0,0
491,6IBKpJ7sy4k,Dollar Store,Pell,", rap, dream rap, hip hop,",,2016-01-08 04:53:52,2016-01-08 04:53:52.765339,0,0,,13cxxzt0gFScMtkACBV4cO,0
492,gbcyfRztHmw,Feel That,Vic Mensa,", rap, rap, rap,",,2016-01-14 02:03:38,2016-01-14 02:03:38.549172,0,0,,0,0
493,ZLp7M5SMBkQ,Orange Soda,Vic Mensa,", rap, dream rap, hip hop,",,2016-01-14 02:06:03,2016-01-14 02:06:03.196866,0,0,,0,0
494,IfLqsNRkBIo,Some Minds,Flume,", chill electronic, experimental,   ,",,2016-01-17 00:20:57,2016-01-17 00:20:57.683477,0,0,,6kgc2yup9oyZJg7CzEw4ao,0
496,hefh9dFnChY,'Cause I'm a Man,Tame Impala,", pyschedelic rock, indie rock,   ,",,2016-01-17 03:45:36,2016-01-17 03:45:36.187834,0,0,,2O99aywAVBhaPrsiJ6zbSS,0
497,pFptt7Cargc,Let it Happen,Tame Impala,", psychadelic rock, indie rock,   ,",,2016-01-17 17:51:30,2016-01-17 17:51:30.393373,0,0,,2X485T9Z5Ly0xyaghN73ed,0
498,G-Jr3Czk6rY,Expectation,Tame Impala,", psychedelic rock, indie rock,   ,",,2016-01-17 17:58:13,2016-01-17 17:58:13.076315,0,0,,4m3GHOgCNZMv0we7H9j8Y8,0
499,7jekYAm3fkA,Lucidity,Tame Impala,", psychedelic rock, indie rock,   ,",,2016-01-17 17:58:44,2016-01-17 17:58:44.269766,0,0,,4aetgBuI5iRQpjy8gdGxY8,0
500,-F2e9fmYL7Y,Solitude is Bliss,Tame Impala,", psychadelic rock, indie rock,   ,",,2016-01-17 17:59:59,2016-01-17 17:59:59.328579,0,0,,0fsuyQqz1nuYtfosExYeeY,0
501,ILvMOC4H9EM,Lilly,Toro y Moi,", chillwave, indie chill, psychadelic pop,",,2016-01-17 18:03:26,2016-01-17 18:03:26.727446,0,0,,6MDLO5bi8mGexqSwF9KmpH,0
502,0Gqh4e1S6j0,Still Sound,Toro y Moi,", psychedelic pop, indie chill, folktronica,",,2016-01-17 18:06:00,2016-01-17 18:06:00.646262,0,0,,4p3jL7SFn8YDXmMPeEs4W2,0
503,77PYhk7lgJs,Almighty Dollar,Pell,", rap, hip hop, dream rap,",,2016-01-20 02:03:55,2016-01-20 02:03:55.305674,0,0,,1bfdGINe1n5QR7JtWtsDwT,0
504,Tv9YoYCKNoE,Flesh without Blood/ Life in the Vivid Dream,Grimes,", psychedelic pop, electropop,   ,",,2016-01-20 06:41:57,2016-01-20 06:41:57.949707,0,0,,0,0
505,ktmo4167ZJI,We Were Young,Odesza,", chillwave, indielectronica,   ,",,2016-01-20 06:46:11,2016-01-20 06:46:11.728968,0,0,,0QuEMOBRadxTDOjQn0NU1Q,0
506,QMssNXBCCl0,Say My Name,Odesza feat. Zyra,", electropop, indielectronica,   ,",,2016-01-20 06:48:56,2016-01-20 06:48:56.150903,0,0,,3Tj26XU4Aq6n7tlmIs0ju1,0
507,9RHFFeQ2tu4,Source,Fever the Ghost,", electronic rock, indielectronica,   ,",,2016-01-20 06:52:51,2016-01-20 06:52:51.476186,0,0,,2t2f8SRVqZ7inLKs3Tvg2p,0
509,2b03hoW0TKc,The Beat,C2C,", turntablism, electronic, trip hop,",,2016-01-20 06:56:46,2016-01-20 06:56:46.371003,0,0,,5PYTllcMgjMy5lIgxP4kfd,0
510,gpc3cCxWNkU,Down the Road,C2C,", turntablism, electronic, trip hop,",,2016-01-20 06:57:54,2016-01-20 06:57:54.533673,0,0,,1x5MjCffpcdHLf65eR9r3T,0
511,UuS-6bG0T8Y,Impregnable Question,Dirty Projectors,", experimental, indie pop,   ,",,2016-01-20 06:59:54,2016-01-20 06:59:54.390962,0,0,,4R2pq0VVrejm4uXM8U8bvP,0
512,yRyMoyRPrr8,Easy,Son Lux,", experimental, ambient indie rock,   ,",,2016-01-20 07:03:52,2016-01-20 07:03:52.747353,0,0,,6J6FXmYrMxg93mBxkugUlI,0
513,3tUh-x-fp8Q,Bad Habit,The Kooks,", indie rock, indie pop,   ,",,2016-01-20 07:06:16,2016-01-20 07:06:16.742293,0,0,,3huV7eiNpaQlCB3LbZi9bB,0
514,cuoIvNFUY7I,FloriDada,Animal Collective,", psychedelic pop, indie pop,   ,",,2016-01-20 07:09:00,2016-01-20 07:09:00.50131,0,0,,26WNKAgxNfg1MkhpBrx8UV,0
508,PZbkF-15ObM,Delta,C2C,", turntablism, electronic dance music, trip hop,",,2016-01-20 06:55:18,2016-01-20 06:55:18.828821,1,0,,32XguVXAL8XdpVuEygw0nM,0
206,T-UIlx65E58,DMT,XXYYXX,", electronic, electronica, future, experimental, garage, lo-fi, ambient, witch house, post-dubstep,",,2015-12-25 00:00:00,,0,0,,6TMSo0TqIKaotFuWeUKxc6,0
417,oIIxlgcuQRU,Maps,Yeah Yeah Yeahs,", garage punk, indie rock, art punk, dance-punk, post-punk revival,",,2015-12-25 00:00:00,,0,0,,4EwNG7uCvLEm5a6KgerCHf,0
314,Z0atZQSUE80,Take Shelter,Years ,", indie, synthpop, indie pop, electronica, electronic,",,2015-12-25 00:00:00,,0,0,,0,0
345,VjT4BzLTaJU,Real,Years ,", indie, synthpop, indie pop, electronica, electronic,",,2015-12-25 00:00:00,,0,0,,0,0
541,XIqVCJWSoeE,PERFECT,Tyler The Creator,", chill rap, hip hop,   ,",,2016-02-16 07:57:23,2016-02-16 07:57:23.707653,1,1,,0,0
28,lG5aSZBAuPs,About You,XXYYXX,", electronic, electronica, future, experimental, garage, lo-fi, ambient, witch house, post-dubstep,",,2015-12-25 00:00:00,,1,0,,4V89IXbcngfalUVUm21GNM,0
546,1wl5BbUg05M,Deep Down Low,Valentino Khan,", house,   ,   ,",,2016-02-16 08:07:29,2016-02-16 08:07:29.943016,0,0,,6UlvONcL4jXM0pC0CPA48S,0
517,jGflUbPQfW8,Cheerleader,OMI,", pop, dance,   ,",,2016-01-21 07:58:10,2016-01-21 07:58:10.286971,0,0,,1u2hPlWD5rlCzDa0X6zHaf,0
518,waU75jdUnYw,Earned It,The Weeknd,", chill rap, r&b,   ,",,2016-01-21 07:59:15,2016-01-21 07:59:15.321752,0,0,,2PIvq1pGrUjY007X5y1UpM,0
519,O1OTWCd40bc,Wicked Games,The Weeknd,", chill rap, r&b, hip hop,",,2016-01-21 08:00:31,2016-01-21 08:00:31.627687,0,0,,6VwBbL8CzPiC4QV66ay7oR,0
520,tfrWuiQ4QNc,The Zone,The Weeknd,", chill rap, r&b,   ,",,2016-01-21 08:01:42,2016-01-21 08:01:42.521417,0,0,,46X8c9qJzpBLYcos3OX0CE,0
521,ZXBcwyMUrcU,King of the Fall,The Weeknd,", chill rap, r&b, hip hop,",,2016-01-21 08:03:01,2016-01-21 08:03:02.02348,0,0,,0,0
523,ORVz_qeKgvg,Rolling Stone,The Weeknd,", chill rap, r&b, hip hop,",,2016-01-21 08:04:27,2016-01-21 08:04:27.4319,0,0,,29fTi7Tdh9CiU8HuVDaqVY,0
524,GLr0usOC2_k,Live For,The Weeknd,",   , r&b, hip hop,",,2016-01-21 08:05:50,2016-01-21 08:05:50.23401,0,0,,3kgqHVqfiabABjaFi9Tnhn,0
525,2iFa5We6zqw,In The Night,The Weeknd,",   , r&b, hip hop,",,2016-01-21 08:06:37,2016-01-21 08:06:37.572766,0,0,,7fPHfBCyKE3aVCBjE4DAvl,0
526,lYO77zNhWl4,Belong to the World,"",", pop-rap, r&b, hip hop,",,2016-01-21 08:07:58,2016-01-21 08:07:58.405306,0,0,,0,0
527,N29-54dhVHg,Weekend,Mac Miller Ft. Miguel,", rap, hip hop,   ,",,2016-01-26 01:55:04,2016-01-26 01:55:05.036912,0,0,,6GnhWMhgJb7uyiiPEiEkDA,0
531,fKurEvAW4O0,Legendary,Yo Gotti,", rap,   ,   ,",,2016-02-01 19:24:34,2016-02-01 19:24:34.067555,0,0,,0AdB5ZqujmO66QMtmWpntA,0
532,UNe0bMP1_BE,Easy,Daye Jack,", rap, dream rap, hip hop,",,2016-02-01 19:30:04,2016-02-01 19:30:04.171439,0,0,,0,0
533,v6TFe9qzErI,Hello World,Daye Jack,", r&b, dream rap, hip hop,",,2016-02-01 19:34:05,2016-02-01 19:34:05.619259,0,0,,0,0
534,UW0vOum0mBM,It's Only,Odesza,", chill electronic, electropop, indielectronica,",,2016-02-04 06:49:11,2016-02-04 06:49:11.737847,0,0,,1TSxLktSlIdEsjTGWB4Fub,0
535,tjjIWpGRMf0,Light,Odesza,",   , electropop, indielectronica,",,2016-02-04 06:49:57,2016-02-04 06:49:57.902397,0,0,,0,0
537,vjW8wmF5VWc,Watch Me (Whip/Nae Nae),Silento,", rap, hip hop,   ,",,2016-02-04 06:53:47,2016-02-04 06:53:47.147024,0,0,,0,0
538,QcIy9NiNbmo,Bad Blood,Taylor Swift,", pop,   ,   ,",,2016-02-04 06:56:43,2016-02-04 06:56:43.330117,0,0,,0,0
539,uX8yoT9ct6k,Couch Potato,Jakubi,",   ,   ,   ,",,2016-02-08 19:23:52,2016-02-08 19:23:52.592144,0,0,,4wFzDwH40XrQL067ETa9wy,0
540,4jBDnYE1WjI,Peanut Butter Jelly,Galantis,", dance pop, electronic, pop,",,2016-02-09 06:58:23,2016-02-09 06:58:23.07791,0,0,,3aIhJDHxr1kgTSnutJxPTH,0
495,sBzrzS1Ag_g,The Less I Know the Better,Tame Impala,", psychedelic rock, indie rock,   ,",,2016-01-17 03:24:29,2016-01-17 03:24:29.943055,1,0,,6K4t31amVTZDgR3sKmwUJJ,0
20,L4GrDOOIIbk,"10,000 Emerald Pools",BORNS,", indie pop, psychedelic pop,",water/pool/swimming,2015-12-25 00:00:00,,1,0,,0,0
279,yjcS674AgOQ,Waves,NoMBe,", chill electronic, dream rap,",,2015-12-25 00:00:00,,1,0,,0,0
536,uxpDa-c-4Mc,Hotline Bling,Drake,", electronic, hip hop,   ,",,2016-02-04 06:51:52,2016-02-04 06:51:52.726828,1,0,,6nmz4imkDcmtwMjocAzFSx,0
15,Teyy1A_AJso,I'm the Man That Will Find You,Connan Mockasin,", psychedelic pop, psychedelic rock, neo-psychedelia, dream pop, space rock,",creeper/love,2015-12-25 00:00:00,,1,0,,07ahbydCmD0CLoN2zIx8bR,0
22,79YDgv_zWA4,"Sonnentanz (Sun Don't Shine Remix),",Klangkarussell,", nu-jazz, deep house,",,2015-12-25 00:00:00,,1,0,,5BVPZwFDZtaIQNxVncxIwB,0
542,fzi24Nssiow,Oldie,Tyler The Creator,", chill rap, hip hop,   ,",,2016-02-16 07:58:53,2016-02-16 07:58:53.379412,0,0,,0,0
543,fN-xq7t6pKw,"Hodgy, Domo Genesis",Tyler The Creator,", hardcore hip hop, hip hop,   ,",,2016-02-16 07:59:55,2016-02-16 07:59:55.39115,0,0,,0,0
544,mFNaFeIm4bU,She,Tyler The Creator,",   , hip hop,   ,",,2016-02-16 08:00:20,2016-02-16 08:00:20.921717,0,0,,0,0
545,lmc21V-zBq0,Run Boy Run,"",",   , indie,   ,",,2016-02-16 08:02:23,2016-02-16 08:02:23.733485,0,0,,0,0
547,BC2dRkm8ATU,Wide Open,The Chemical Brothers,", indielectronica, indie chill,   ,",,2016-02-16 08:09:15,2016-02-16 08:09:15.564402,0,0,,2U5rN7uL5771qyOwErJCY8,0
548,A17rVbNTtrg,Bassically,Tei Shi,", experimental, indie,   ,",,2016-02-17 06:24:54,2016-02-17 06:24:55.491783,0,0,,6Nt2Su1bBdVcmxSDQO9peo,0
550,fyv5CBCnx6Q,Love For That,Mura Masa,", experimental, electronic, indie,",,2016-02-17 06:30:05,2016-02-17 06:30:05.63417,0,0,,76I1mEj3vKHgwwO43MdNpI,0
551,zZ7PVig8qyA,See Me,Tei Shi,", experimental, indie chill,   ,",,2016-02-17 06:52:39,2016-02-17 06:52:39.342938,0,0,,6r74qgdtbNK5OHnq66jKh6,0
552,CI1g4dnDtao,Fruit,ABRA,", experimental, electronic, indie,",,2016-02-17 06:55:21,2016-02-17 06:55:21.711947,0,0,,15VMz8jeItwVISdK3JiS4m,0
554,nxg4C365LbQ,Acid Rain,Lorn,", electronic, experimental,   ,",,2016-02-17 07:08:06,2016-02-17 07:08:06.96352,0,0,,0,0
557,-KPnyf8vwXI,Never Be Like You,Flume,", electronic,   ,   ,",,2016-03-02 06:40:51,2016-03-02 06:40:51.612903,0,0,,6y0igZArWVi6Iz0rj35c1Y,0
558,wO89_H7GqaQ,Bubble Butt,Major Lazer,", hip hop,   ,   ,",,2016-03-02 06:42:15,2016-03-02 06:42:15.200519,0,0,,013amIZ8QjBqviUEM2yNJZ,0
559,YqeW9_5kURI,Lean On,Major Lazer,", electronic, dance pop, pop,",,2016-03-02 06:43:23,2016-03-02 06:43:23.187216,0,0,,4vS8VaBwJJV5Ry7UFIQuoo,0
561,NSdcG1e9APE,I'm In Control,AlunaGeorge,", electronic,   ,   ,",,2016-03-02 06:47:29,2016-03-02 06:47:29.256951,0,0,,5QTYcAzj8gwSBDhin7P8X0,0
562,I3mrYxPLSH4,All My Friends,Snakehips,", electronic, pop,   ,",,2016-03-02 06:48:46,2016-03-02 06:48:46.028333,0,0,,6TaqooOXAEcijL6G1AWS2K,0
563,qqjVwAg5fK4,Bang My Head,David Guetta,", electronic, pop,   ,",,2016-03-02 06:50:57,2016-03-02 06:50:57.026552,0,0,,53Y0kdCa1CZ9gRqEuknfwy,0
564,jna2r56EXTg,I Look To You,Miami Horror,", electronic, electro-indie,   ,",,2016-03-02 06:53:26,2016-03-02 06:53:26.542733,0,0,,0Hg9Mh7CMd5zWMVG7S7pUi,0
565,iNPqddkkcI4,Look At Where We Are,Major Lazer,", electronic, edm,   ,",,2016-03-02 06:56:44,2016-03-02 06:56:45.000249,0,0,,0,0
567,pXRviuL6vMY,Stressed Out,Twenty One Pilots,", indie rock, pop,   ,",,2016-03-10 08:30:37,2016-03-10 08:30:37.854069,0,0,,3CRDbSIZ4r5MsZ0YwxuEkn,0
568,H8Qp38qT-xI,Feel Good Inc.,Gorillaz,", electropop, retro 90s,   ,",,2016-03-10 08:33:17,2016-03-10 08:33:17.929706,0,0,,0d28khcov6AiegSCpG5TuT,0
569,bd2B6SjMh_w,Crazy,Gnarls Barkley,", pop,   ,   ,",,2016-03-10 08:38:36,2016-03-10 08:38:36.347638,0,0,,2N5zMZX7YeL1tico8oQxa9,0
570,6vopR3ys8Kw,Drop the Game,Flume,", indie pop,   ,   ,",,2016-03-15 02:56:44,2016-03-15 02:56:44.870179,0,0,,4KtrE35pTuqwNc22QP58RT,0
572,bmLMPFXzBLA,XXX 88,MO,", electropop,   ,   ,",,2016-03-15 03:00:57,2016-03-15 03:00:57.487619,0,0,,0,0
573,oQa8Rv-Vq-Y,Been On,G-Eazy,", pop,   ,   ,",,2016-03-15 03:05:19,2016-03-15 03:05:19.857681,0,0,,4jURQLDdnZp6l3PsvxJaZk,0
574,i4ooH8frBWg,Sunday Candy,Chance the Rapper,", r&b,   ,   ,",,2016-03-15 03:12:49,2016-03-15 03:12:49.770273,0,0,,0,0
575,GNCd_ERZvZM,Them Changes,Thundercat,", indie, alternative r&b,   ,",,2016-03-15 03:16:28,2016-03-15 03:16:28.172685,0,0,,7hmiDaBxoyLW094H8vup2S,0
24,NGBeLPJTLzE,Say My Name (Cyril Hahn Remix),Cyril Hahn,", electronic,",,2015-12-25 00:00:00,,0,0,,0,0
397,65oZD-7gJYE,Kodama,20syl,", rap, jazz rap, turntablism,",chill/electronic,2015-12-25 00:00:00,,0,0,,6WH7cbhqVMFBnUTUl580WM,0
203,oLpswbCMtKU,"I'm The Man, That Will Find You",Alice Russell,", blue eyed soul, funk, jazz,",,2015-12-25 00:00:00,,0,0,,23lXkC6bAwj8TXYoIiYduy,0
229,FWR9MR5juWI,You Know You Like It,AlunaGeorge,", synthpop, trip hop, r&b, uk garage,",,2015-12-25 00:00:00,,0,0,,57kR5SniQIbsbVoIjjOUDa,0
305,Fdtv3vNhuMM,You've Never Been Alone (TEPR Remix),Andrea Balency,", folk, indie, electronic,",,2015-12-25 00:00:00,,0,0,,1wFCJmYkND4DyLLnz2nFBm,0
282,9oI27uSzxNQ,Ready to Start,Arcade Fire,", indie rock, art rock, baroque pop, post-punk revival,",,2015-12-25 00:00:00,,0,0,,1F2Ca0Cfo7DcdieWlZEqzc,0
5,ZlWRhnYgWcc,Liquorice,Azealia Banks,", hardcore hip hop, dance-pop, indie pop, dance,",hip-hop/jam,2015-12-25 00:00:00,,0,0,,6H7lESo7hzq702axQ0wCmV,0
225,BfzFVbkutFE,Lazuli,Beach House,", dream pop, indie rock,",,2015-12-25 00:00:00,,0,0,,0Fc8hmAuH0rHYq2Ur9t07Y,0
172,JPtQ4K-evBo,Satisfaction,Benny Benassi,", edm, electronic, techno, minimal techno,",,2015-12-25 00:00:00,,0,0,,5JZnjM9ijpit0d5zjT8MM7,0
42,ebXbLfLACGM,Summer,Calvin Harris,", edm, electro house, electropop, dance-pop, nu-disco,",,2015-12-25 00:00:00,,0,0,,6YUTL4dYpB9xZO5qExPf05,0
338,elyk9MBY72U,Cameo Lover,Kimbra,", alternative pop, indie rock, alternative dance, alternative r&b, jazz, electropop,",,2015-12-25 00:00:00,,0,0,,6mEDMe0zG5pYrsRxizjauk,0
149,_uiVt21bp_s,Talk is Cheap,Chet Faker,", electronic, pbr&b, downtemp, soul, trip hop,",,2015-12-25 00:00:00,,0,0,,3KfT22UTvoN3Cpg6dujW2F,0
168,ExVtrghW5Y4,Sweatpants,Childish Gambino,", hip hop, r&b, alternative hip hop,",,2015-12-25 00:00:00,,0,0,,2rmq49FcJ4U3wh1Z7C9UxE,0
48,KJRaKhURMEA,Happy Violence,Dada Life,", electro house, progressive house,",,2015-12-25 00:00:00,,0,0,,5TeJDgTXvQhO9hYwAdXzC1,0
309,2QT5eGHCJdE,Youth,Daughter,", indie folk, alternative rock, ambient indie rock, folk rock, neo folk,",,2015-12-25 00:00:00,,0,0,,1vyrrrnb7182SL6iOMor3O,0
362,uizQVriWp8M,Soul Meets Body,Death Cab For Cutie,", alternative rock, indie pop, indie rock,",,2015-12-25 00:00:00,,0,0,,5yc59J3MR3tVDPTOgwgRI5,0
73,_zPlr-o-YEQ,"You and Me (Flume Remix),",Disclosure,", house, deep house, uk garage, synthpop, future garage, uk funky,",,2015-12-25 00:00:00,,0,0,,1snNAXmmPXCn0dkF9DaPWw,0
427,ySqBdoS0Xo0,What's In Your Head,Disclosure,", house, deep house, uk garage, synthpop, future garage, uk funky,",,2015-12-25 00:00:00,,0,0,,1mNKyr5vsXi6hDsqgGk1kd,0
97,7gwXpLpfb3Y,Kisses Over Babylon,Edward Sharpe,", indie folk, psychedelic folk, folk rock, freak folk, new weird america, neo-psychedelia,",,2015-12-25 00:00:00,,0,0,,0,0
98,0GSLAZg3n8I,Better Days,Edward Sharpe,", indie folk, psychedelic folk, folk rock, freak folk, new weird america, neo-psychedelia,",,2015-12-25 00:00:00,,0,0,,0,0
99,sxkZFj60piw,Let's Get High,Edward Sharpe,", indie folk, psychedelic folk, folk rock, freak folk, new weird america, neo-psychedelia,",,2015-12-25 00:00:00,,0,0,,0,0
100,V8sa6qiHx7A,40 Day Dream,Edward Sharpe,", indie folk, psychedelic folk, folk rock, freak folk, new weird america, neo-psychedelia,",,2015-12-25 00:00:00,,0,0,,0,0
85,WL1hlzLsUaU,Calabria,Enur,", house, techno, reggae fusion,",,2015-12-25 00:00:00,,0,0,,0mwbc2AqVHIziVGg3syEI9,0
198,ViPQ-RIPmKk,Bounce,DJ Ele,", electronic, comedy,",,2015-12-25 00:00:00,,0,0,,0,0
383,ioq_t_GHBtg,Tether,Eric Prydz,", house, techno, progressive house, tech house,",,2015-12-25 00:00:00,,0,0,,7JN9mnz4OPVivc9AF0FLAJ,0
457,i_kF4zLNKio,Trap Queen (Official Video) Prod. By Tony Fadd,Fetty Wap,", hip hop, r&b,",,2015-12-25 00:00:00,,0,0,,0,0
458,Pzz4Z-O7710,"""679"" feat. Remy Boyz [Official Video]",Fetty Wap,", hip hop, r&b,",,2015-12-25 00:00:00,,0,0,,0,0
11,3yDP9MKVhZc,Two Weeks,FKA twigs,", trip hop, experimental, alternative r&b, electronic, indielectronica,",throne/queen,2015-12-25 00:00:00,,0,0,,0PHwCbA310LLIMcSDpQbgF,0
200,kfzRXseSBIM,Palm Trees,Flatbush Zombies,", rap,",,2015-12-25 00:00:00,,0,0,,0,0
34,b7xRNspm1Sg,With You,Flight Facilities,", disco, house, indie pop,electronic,",,2015-12-25 00:00:00,,0,0,,61LL20jMTJixZtNZrBnlLR,0
216,FdsvtnOoFAg,I Didn't Believe,Flight Facilities,", disco, house, indie pop,electronic,",,2015-12-25 00:00:00,,0,0,,4rFbPbE5R09HOS6WdVuRJF,0
217,r0bS-YnLf4s,Crave You,Flight Facilities,", disco, house, indie pop,electronic,",,2015-12-25 00:00:00,,0,0,,01ADMjKzsqzXYN7Ddtu1cl,0
452,Jcu1AHaTchM,Claire de Lune,Flight Facilities,", disco, house, indie pop,electronic,",,2015-12-25 00:00:00,,0,0,,0,0
21,hZSrzL-kb38,Sleepless,Flume,", electronic, downtempo, experimental, trip hop,",,2015-12-25 00:00:00,,0,0,,6QL8FAYTbw1IFGRQb6SWud,0
23,bQz3A8qy0VE,Warm Thoughts,Flume,", electronic, downtempo, experimental, trip hop,",,2015-12-25 00:00:00,,0,0,,0IjVJk7EZK5V71LUwk6OjC,0
35,sRnMPHYqgh8,Space Cadet ,Flume,", electronic, downtempo, experimental, trip hop,",,2015-12-25 00:00:00,,0,0,,535mcFQXTugp36uiSaTVNk,0
439,aAEQt7wq44w,Sleepless,Flume,", electronic, downtempo, experimental, trip hop,",,2015-12-25 00:00:00,,0,0,,6QL8FAYTbw1IFGRQb6SWud,0
272,RRNqRuyFSXk,Do Or Die,Flux Pavilion,", dubstep, drum and bass,electronica, dance,electro house,",,2015-12-25 00:00:00,,0,0,,2BTPW7osibjN9gFDRY4mYN,0
208,2uCyv05SG1g,MmmHmm,Flying Lotus,", electronic, experimental hip hop, idm, jazz,",,2015-12-25 00:00:00,,0,0,,32ThzXPiQKs4CYqvlE7CFq,0
131,2lXD0vv-ds8,Never Catch Me,Flying Lotus,", electronic, experimental hip hop, idm, jazz,",,2015-12-25 00:00:00,,0,0,,7j4meQkdoe8VcvVgApCxFe,0
77,GQpz7mT1aYw,"Cover Bombs (Odesza Remix),",Nomadic Firs,", electronic, electronica,",,2015-12-25 00:00:00,,0,0,,0,0
387,bVP_w1rQweE,Baby Blue,Action Bronson feat. Chance The Rapper,", hip hop,",,2015-12-25 00:00:00,,0,0,,7gDwRzJhLs0fFHaGtMDJVM,0
146,0UjAf6ubC5M,Let's Ride,Ground Up,", hip hop,",,2015-12-25 00:00:00,,0,0,,0,0
37,jzy2dgEUOhY,Infinity,Guru Josh Project,", dance,",,2015-12-25 00:00:00,,0,0,,0,0
385,AIjVpRAXK18,Falling,HAIM,", pop rock, soft rock, r&b,",,2015-12-25 00:00:00,,0,0,,5wL742yBgvtbw1IibA3FMJ,0
83,1Rv6KCBI3vg,Stay,Henry Krinkle,", dance,",,2015-12-25 00:00:00,,0,0,,1xqjLdtB558KjSo7zvOXua,0
271,_t431MAUQlQ,No Interruption,Hoodie Allen,", hip hop, alternative hip hop, underground hip hop, hipster pop,",,2015-12-25 00:00:00,,0,0,,2yJVeT8cP1zstJxRP7Nlv8,0
358,vQDqpxFw4LU,Show Me What You're Made Of,Hoodie Allen,", hip hop, alternative hip hop, underground hip hop, hipster pop,",,2015-12-25 00:00:00,,0,0,,5Qu2YohvDitrFUkUBV4jyk,0
124,MYSVMgRr6pw,Take Me To Church,Hozier,", indie rock, soul, blues,",,2015-12-25 00:00:00,,0,0,,0aOluBqXYd0rFSCsgDyAWX,0
437,nAzjmDZD4aY,Oya,Ibeya,", soul, r&b, downtempo,electronic, experimental,",,2015-12-25 00:00:00,,0,0,,0,0
234,_zR6ROjoOX0,Work,Iggy Azalea,", hip hop, edm,",,2015-12-25 00:00:00,,0,0,,3yx6eryOZgO54bt3B671cn,0
331,2fsdNJAzLuU,Mine,Phoebe Ryan,", pop,",,2015-12-25 00:00:00,,0,0,,02HUcZIF7Z2RqSvAxdRPqi,0
365,sZTpLvsYYHw,All These Things That I've Done,The Killers,", alternative rock, indie rock, post-punk revival, new wave, heartland rock,",,2015-12-25 00:00:00,,0,0,,0kYUrLVQOfx21xuXu7OGrT,0
18,MfttyNSCI-g,Permission to Love,Hayden James,", house music,",video games/8 bit/pixels,2015-12-25 00:00:00,,0,0,,0agehDrq7ZHos1Di3Gv4Co,0
107,5S6U_krabrk,Life Round Here,James Blake,", electronic, post-dubstep, soul, experimental, alternative r&b,",,2015-12-25 00:00:00,,0,0,,2746pcTPaE9FBHkvUivCsg,0
176,Gxu248aD6PY,New Lands,Justice,", electro house, electronic, nu-disco, electroclash, electronic rock, alternative dance,",,2015-12-25 00:00:00,,0,0,,2ndeRWn6rZ2y4N5LY3q9wf,0
296,Vnoz5uBEWOA,Hideaway,Kiesza,", electronic, electronica,",,2015-12-25 00:00:00,,0,0,,0c6xIDDpzE81m2q797ordA,0
403,sYLufX5nC30,Firestone,KYGO,", synth-pop,",synth-pop/upbeat,2015-12-25 00:00:00,,0,0,,2sNvitW3TxiTeC9xT9f2ZZ,0
43,akhmS1D2Ce4,"Summertime Sadness (Cedric Gervais Remix),",Lana Del Rey,", baroque pop, dream pop, indie pop, psychedelic rock, rock, trip hop,",,2015-12-25 00:00:00,,0,0,,6PUIzlqotEmPuBfjbwYWOB,0
443,qJdMjRHRLfg,Arnold,Luke Million,", disco, electric disco,",,2015-12-25 00:00:00,,0,0,,6MeNtkNT4ENE5yohNvGqd4,0
160,dX3k_QDnzHE,Midnight City,M83,", synthpop, shoegaze, dream pop, post-rock, ambient,",,2015-12-25 00:00:00,,0,0,,1eyzqe2QqGZUmfcPZtrIyt,0
171,bQweR2QH1Io,Pay No Mind,Madeon feat. Passion Pit,", french house, electro house, house, nu-disco, pop,",,2015-12-25 00:00:00,,0,0,,3rsq3qtqNBId48c0IVraTS,0
378,ktIgwt92WNA,Live Life,Matt Easton,", hip hop, rap, alternative hip hop, pop,",,2015-12-25 00:00:00,,0,0,,1W27eEt4EdjmEsuiSaUeVn,0
277,GRVwtSmgKP8,Carbonated,Mount Kimbie,", post-dubstep, minimal, ambient,",,2015-12-25 00:00:00,,0,0,,5d3qZ4xZv0inQK292Mmnhh,0
286,x2AOjb9HW2E,Touch,Shura,", electropop, synthpop, r&b, indietronica, new wave,",,2015-12-25 00:00:00,,0,0,,7CmUcBk00ychU1frmYU0Sg,0
308,C6zv_5zGEso,Bloodflows,SOHN,", electronic, ambient, pbr&b, r&b,",,2015-12-25 00:00:00,,0,0,,75mE9LzZzQoDwjS4OuuzmW,0
285,pZYM3XwgHwA,We Got It Wrong,St. Lucia,", indie electronic, synthpop,",,2015-12-25 00:00:00,,0,0,,0jlnNWED7dI17fJc2u9t2I,0
36,PDboaDrHGbA,Greyhound,Swedish House Mafia,", progressive house, electro house, electronic, electronica,",,2015-12-25 00:00:00,,0,0,,0VffaI2jwQknRrxpECYHsF,0
330,ZdDHi5SSIlM,Yoshimi Battles the Pink Robots Pt. 1,The Flaming Lips,", alternative rock, psychedelic rock, experimental rock, space rock, neo-psychedelia, noise pop, post-punk,",,2015-12-25 00:00:00,,0,0,,1sxvljGtBXT2H9dLcCAojA,0
14,0wrsZog8qXg,Such Great Heights,the Postal Service,", alternative,",science/clean room,2015-12-25 00:00:00,,0,0,,3iDK8BAaBUatPR84gdfa9g,0
402,9MHmx9nvHqU,Greek Tragedy,The Wombats,", indie,",indie/chill,2015-12-25 00:00:00,,0,0,,28C4nmrd7BTu0XbOmaTHZr,0
197,8ID1plssS4s,Rose Quartz,Toro Y Moi,", indie pop, electronic, synthpop, chillwave, r&b, hip hop, pbr&b,",,2015-12-25 00:00:00,,0,0,,6b7z3keZ5gDJ2zBnyrke9P,0
420,k9F9fuJLZoM,Adrift,Tycho,", ambient, idm, downtempo, electrogaze, chillwave, post-rock,",,2015-12-25 00:00:00,,0,0,,3DERgYjztCL6oME2fvRl6z,0
222,HEBb3GxubAc,Weightless,Washed Out,", chillwave, electronica, dream pop, trip hop, synthpop, indie pop,",,2015-12-25 00:00:00,,0,0,,51bnedhUHDZViazmNJtzqF,0
220,gGmfOsdla2Y,Say That,Toro Y Moi,", indie pop, electronic, synthpop, chillwave, r&b, hip hop, pbr&b,",,2015-12-25 00:00:00,,0,0,,1tH0Xwni0oJe4DI6O7naRW,0
221,J-n7N1RXJbM,How I Know,Toro Y Moi,", indie pop, electronic, synthpop, chillwave, r&b, hip hop, pbr&b,",,2015-12-25 00:00:00,,0,0,,5HZMDPhrOc5njqLkDS9Cq5,0
440,1uXrXTSASK0,Pizza Guy,Touch Sensitive,", electronic, electronica,",,2015-12-25 00:00:00,,0,0,,6iIaN6fxRYfqcWrqJlobb6,0
1,NK2FqPNIT_U,All Gold Everything,Trinidad James,", rap, hip hop,",hood/thug/hip-hop/atlanta,2015-12-25 00:00:00,,0,0,,0pgeVJrdNok4KhbiM58ayZ,0
291,YXwYJyrKK5A,What You Know,Two Door Cinema,", indie rock, indie rop, dance-punk, post-punk revival,",,2015-12-25 00:00:00,,0,0,,0,0
292,sKyK1Mme9Sc,Sun,Two Door Cinema Club,", indie rock, indie rop, dance-punk, post-punk revival,",,2015-12-25 00:00:00,,0,0,,3kAwGo8mtUPsrctroxYLku,0
419,5wWBLbQInqk,See,Tycho,", ambient, idm, downtempo, electrogaze, chillwave, post-rock,",,2015-12-25 00:00:00,,0,0,,5ntMi72LCYmpGFiEbsrE48,0
250,LbouTdwOrVw,Faded,Tyga ft. Lil Wayne,", hip hop,",,2015-12-25 00:00:00,,0,0,,0a8uknDuoiWLuACnaLPlgr,0
260,vRvWpR4clNQ,Bimmer,Tyler The Creator,", hip hop,",,2015-12-25 00:00:00,,0,0,,0,0
326,NJLfCBBcZAo,Blue Suede,Vince Staples,", hip hop,",,2015-12-25 00:00:00,,0,0,,6w6SW8zyEcyxwSR7Wya45a,0
258,j8YxSzXnZ40,Pretty Girls ,Wale ft. Gucci Mane,", hip hop,",,2015-12-25 00:00:00,,0,0,,5IIu5JtVdXYaqvpCAz9Dis,0
223,9rbRwV0T0AQ,Don't Give Up,Washed Out,", chillwave, electronica, dream pop, trip hop, synthpop, indie pop,",,2015-12-25 00:00:00,,0,0,,6GbUsMfAF9dFe3vLAO5am9,0
103,erG5rgNYSdk,Island in the Sun,Weezer,", alternative rock, power pop, pop punk, emo, indie rock,",,2015-12-25 00:00:00,,0,0,,2MLHyLy5z5l5YRp7momlgw,0
135,vSkb0kDacjs,Iron,Woodkid,", baroque pop, neofolk, experimental,",,2015-12-25 00:00:00,,0,0,,59JXnQ3QCfMX572aDTYd46,0
205,SqvmSdYvXcA,DMT,XXYYXX,", electronic, electronica, future, experimental, garage, lo-fi, ambient, witch house, post-dubstep,",,2015-12-25 00:00:00,,0,0,,6TMSo0TqIKaotFuWeUKxc6,0
119,bpOSxM0rNPM,Do I Wanna Know,,", indie rock, psychedelic rock, post-punk revival,",,2015-12-25 00:00:00,,0,0,,0,0
329,lPXWt2ESxVY,Do You Realize,,", alternative rock, psychedelic rock, experimental rock, space rock, neo-psychedelia, noise pop, post-punk,",,2015-12-25 00:00:00,,0,0,,0,0
473,zht9zsZ23Ro,Runaway,Pell,", rap, r&b, dream rap,",,2016-01-05 02:25:00,,0,0,,0,0
474,KVl_1bJ79uw,Eleven:11,Pell,", chill rap, rap, dream rap,",,2016-01-05 02:32:00,,0,0,,6vsFAKxQFpX0sX4tYmS3LN,0
475,kfwa7Y_eIu4,Ocean View,Pell,", chill rap, rap, dream rap,",,2016-01-05 02:33:00,,0,0,,3hBK6nZq22px2RjGqDqt4E,0
476,8lrmr2pi1z8,The Never,Pell,", chill rap, rap, dream rap,",,2016-01-05 02:35:00,,0,0,,1klDxguZO5yyksZzmdCDK7,0
477,r2IuB9GPSE0,Queso,Pell,", rap, chill rap, dream rap,",,2016-01-05 03:08:00,,0,0,,5Yg59jEVYkBUjiPdhdT7qi,0
478,Fk_ixqTf4KQ,Cafe Du Monde,Pell,", rap, chill rap, dream rap,",,2016-01-05 03:11:00,,0,0,,2uEh5XFuY7BFQ8tf6QlqyC,0
479,v__NaQ8xMLc,Sheriff,Ohana Bam,", rap, rap, rap,",,2016-01-08 03:43:04,2016-01-08 03:43:04.968449,0,0,,0,0
480,gR3RC86JSkk,Red Ferrari,Ohana Bam,", rap, rap, rap,",,2016-01-08 03:43:41,2016-01-08 03:43:41.05624,0,0,,6NWMRIWdAHGS0sK8l9hdas,0
481,Iku6jWtjMrw,Rest,Ohana Bam,", rap, rap, rap,",,2016-01-08 03:44:19,2016-01-08 03:44:19.18916,0,0,,0,0
482,vb_9qSURBOM,Right Now,Ohana Bam,", rap, rap, rap,",,2016-01-08 03:45:12,2016-01-08 03:45:12.76496,0,0,,0,0
483,oy4n88CjiBY,Jordan Belfort,Wes Walker & Dyl,", rap, experimental hip hop, rap,",,2016-01-08 03:49:07,2016-01-08 03:49:07.141691,0,0,,0,0
484,stoLqWXsIOY,Paper Trail,Joey Bada$$,", rap, rap, rap,",,2016-01-08 03:51:15,2016-01-08 03:51:15.885609,0,0,,5jNrszQHRIVKmS9Ptb63pe,0
485,-VYaadfgk6U,Church,Nyck Caution,", rap, rap, rap,",,2016-01-08 03:52:54,2016-01-08 03:52:54.764601,0,0,,0,0
486,JJGgdIB_m4c,Knight Time,Kirk Knight,", rap, rap, rap,",,2016-01-08 03:54:04,2016-01-08 03:54:04.131684,0,0,,50Xmql4GYytPdOevxeF3su,0
487,-NDyVqwC5Gc,Off the Back of the Boat,Casey Derhak,", country, country, country,",,2016-01-08 03:56:25,2016-01-08 03:56:25.849452,0,0,,4g8K5ReCrYEroV3Eqa0wNf,0
515,yzTuBuRdAyA,The Hills,The Weeknd,", chill rap, hip hop, r&b,",,2016-01-21 07:54:26,2016-01-21 07:54:26.320447,0,0,,25khomWgBVamSdKw7hzm3l,0
516,KEI4qSrkPAs,Can't Feel My Face,The Weeknd,", pop-rap, hip hop, r&b,",,2016-01-21 07:56:02,2016-01-21 07:56:02.506014,0,0,,6RsWqX8zABZLhZydXxEFOm,0
522,j1ngEIxopUU,Tell Your Friends,The Weeknd,", chill rap, r&b, hip hop,",,2016-01-21 08:03:44,2016-01-21 08:03:44.055842,0,0,,28YLWwEB6xnJQYN7e062rH,0
528,bSfpSOBD30U,"Me, Myself & I",G-Eazy x Bebe Rexha,", rap, alternative pop, hip hop,",,2016-01-26 01:57:04,2016-01-26 01:57:04.437123,0,0,,0,0
450,IIA1XQnAv5s,Gooey,Glass Animals,", indie rock, psychedelic pop, trip hop, indietronica, alternative r&b,",,2015-12-25 00:00:00,,1,0,,1gk3FhAV07q9Jg77UxnVjX,0
549,A17rVbNTtrg,Bassically,Tei Shi,", experimental, indie,   ,",,2016-02-17 06:24:54,2016-02-17 06:24:55.492113,0,0,,6Nt2Su1bBdVcmxSDQO9peo,0
553,koAtzvSBvfE,That Other Girl,Sevdaliza,", experimental, electronic, indie,",,2016-02-17 06:57:34,2016-02-17 06:57:34.908922,0,0,,3ps2drTqdO29miQG4s6kMV,0
560,5_ARibfCMhw,In The Morning,ZHU,", chill electronic,   ,   ,",,2016-03-02 06:45:52,2016-03-02 06:45:52.240713,0,0,,2xzW6Qyr4k4Hnf1UtyPfyp,0
566,GZSsOEqgm0c,Be Together feat. Wild Belle,Major Laser,", electropop,   ,   ,",,2016-03-10 08:28:47,2016-03-10 08:28:47.714493,0,0,,0,0
571,wFrth4NFogc,Waste of Time,MO,", indie pop, electronic,   ,",,2016-03-15 02:58:49,2016-03-15 02:58:49.926239,0,0,,0,0
45,Jrd25gjyDhE,Seek Bromance,Avicii,", edm, house, progressive house,",,2015-12-25 00:00:00,,0,0,,0,0
33,0ScYz9sNaQk,Zodiac Shit,Flying Lotus,", electronic, experimental hip hop, idm, jazz,",,2015-12-25 00:00:00,,0,0,,4GtN7yHlsvQanJfp2Qzw1A,0
288,_GMQLjzVGfw,Houdini,Foster The People,", indie pop, alternative rock, indielectronica, alternative dance, neo-psychedelia,",,2015-12-25 00:00:00,,0,0,,5Fli1xRi01bvCjsZvKWro0,0
195,waEoKZIa0S4,"Some Time Alone, Alone",Melody's Echo Chamber,", pyschedelic rock, neo-psychedelia, dream pop, space rock,",,2015-12-25 00:00:00,,0,0,,4c9nfk48NdSR9yJSja5tvZ,0
211,dDIJ-jqYulI,Real Slow,Miami Horror ft. Sarah Chernoff,", synthpop, indietronica, nu-disco, house, new wave,",,2015-12-25 00:00:00,,0,0,,39yDIZ5WpcwkFyjpO8SN1d,0
156,0IZgpyeJ7U4,Reason (Hook N Sling Remix),Nervo,", edm, electro house, progressive house,",,2015-12-25 00:00:00,,0,0,,5LkD2FlMmfJa9kXcFgcsed,0
241,U0eS3zC3Jco,Basement Jaxx,Never Say Never,", house, dance-pop,",,2015-12-25 00:00:00,,0,0,,0,0
444,c3BFUVzRtMo,Zimbabwe (Flume Remix),New Navy,", alternative,",,2015-12-25 00:00:00,,0,0,,1HD2FECukbh9xY4IOq8qRE,0
356,a0ul-BghOAs,Black Out Days,Phantogram,", electronica, indie pop, trip hop, dream pop, shoegaze,",,2015-12-25 00:00:00,,0,0,,2IWtloZYQDcP8Ashwx8QEF,0
185,qs1bG6BIYlo,Wishery,Pogo,", big beat, electronica, trip hop, house, plunderphonics,",,2015-12-25 00:00:00,,0,0,,3FcSfxP1kSBldsp1RtGFK1,0
399,SeXBiXcEBkY,Let Go,RAC feat. Kele and MNDR,", nu-disco, indietronica, indie rock, alternative dance, synthpop, electronica,",,2015-12-25 00:00:00,,0,0,,3V0W5CfNDMiTKg93wuLFxJ,0
322,RYpqE0_VpWA,Party With Children,Ratatat,", electronica, alternative rock, experimental rock, electronic rock, neo-psychedelia, funk rock, psychedelic rock, experimental hip hop, indie rock,",,2015-12-25 00:00:00,,0,0,,6WgpNDZeOKYbHQS4b1ciPA,0
323,KhrteSZXFzM,Drugs,Ratatat,", electronica, alternative rock, experimental rock, electronic rock, neo-psychedelia, funk rock, psychedelic rock, experimental hip hop, indie rock,",,2015-12-25 00:00:00,,0,0,,3sF9v2qDFDGTyYismssCFI,0
228,rEMsjeq43_U,Man Of The Year,Schoolboy Q,", hip hop,",,2015-12-25 00:00:00,,0,0,,5SsR3wtCOafDmZgvIdRhSm,0
409,H3T2RnTBp_4,Real,Years and Years,", indie, synthpop, indie pop, electronica, electronic,",electronica/indie/chill,2015-12-25 00:00:00,,0,0,,0,0
578,fyG9La0PAsM,Adore - Acoustic,Jasmine Thompson,", pop, indie,   ,",,2016-04-03 20:09:37,2016-04-03 20:09:37.98929,0,0,,2N7xfo5AEHwqiW8TcSrIZf,52
579,S9lkxJFLZ5w,Real Love,Florrie,", pop,   ,   ,",,2016-04-03 20:11:24,2016-04-03 20:11:24.869717,0,0,,6vuwpMl38xfscWpoxquFiW,62
580,jzMhcP7ab3k,CHA CHA,D.R.A.M.,", hip hop, pop,   ,",,2016-04-03 20:14:57,2016-04-03 20:14:57.644166,0,0,,44Xgp13T5ab99beJ0edP6b,65
581,upEX2JMp3c0,One Time,Marian Hill,", indie,   ,   ,",,2016-04-03 20:15:44,2016-04-03 20:15:44.360757,0,0,,1Z4UKak2eNteHFZkwiYPNz,65
582,Xx_jxLt-i-0,Jessica (feat. Ezra Koenig),Major Lazer,", r&b,   ,   ,",,2016-04-03 20:16:50,2016-04-03 20:16:50.609481,0,0,,1OHfhkv0asMP3O8vkQrw1T,52
586,Z-48u_uWMHY,Alright,Kendrick Lamar,", hip hop,   ,   ,",,2016-04-03 20:31:55,2016-04-03 20:31:55.866454,0,0,,3iVcZ5G6tvkXZkZKlMpIUs,78
587,debIyWS6Byc,Actin Crazy,Action Bronson,", hip hop,   ,   ,",,2016-04-03 20:32:50,2016-04-03 20:32:50.245273,0,0,,3clX2NMmjaAHmBjeTSa9vV,64
588,myDY-0_KAr8,Do The Astral Plane,Flying Lotus,", psychedelic pop,   ,   ,",,2016-04-03 20:37:09,2016-04-03 20:37:09.327987,0,0,,6psC59ooTxage8npmtg74G,52
589,Mw6-1zGM4wM,No Sass,Photay,", psychedelic pop,   ,   ,",,2016-04-03 20:38:52,2016-04-03 20:38:52.045979,0,0,,3ARXsO3ByxhfiFhI4bzohB,47
590,w2oF5BZw1Ew,Reconstruct (feat. Seafloor),Photay,", chill electronic,   ,   ,",,2016-04-03 20:40:08,2016-04-03 20:40:08.659881,0,0,,3WJQDJH2MqZFJO0oknVHTf,49
591,avFq9errZCk,Tuesday (feat. Drake),ILoveMakonnen,", hip hop,   ,   ,",,2016-04-03 20:43:58,2016-04-03 20:43:58.219096,0,0,,2znzyzlAUc8Z1Ikq9aFOcx,73
594,CJinWua98NA,Kangaroo Court,Capital Cities,", indie,   ,   ,",,2016-04-03 20:49:30,2016-04-03 20:49:30.282024,0,0,,1leXuBiWQMgbvOIIedqbLB,62
585,TP9luRtEqjc,Loud Places,Jamie xx,", electronic,   ,   ,",,2016-04-03 20:26:12,2016-04-03 20:26:12.860641,0,1,,2JQm8NNpFkwvhuKH3yhuC9,64
584,XEcKhamKyW4,...Girl,Mura Masa,", electronic,   ,   ,",,2016-04-03 20:24:15,2016-04-03 20:24:15.255745,0,1,,0ogPvB4xroolQe1FFcYxFt,45
577,RnGCoQe-hzU,Holding On,Julio Bashmore,", dance, electronic, indie,",,2016-04-03 20:05:51,2016-04-03 20:05:51.506202,0,1,,0EYVLScBOsMDamnGR9TnCQ,50
592,6_tyPKUZumw,Changes - Original Mix,Faul & Wad Ad,", electronic,   ,   ,",,2016-04-03 20:45:46,2016-04-03 20:45:46.71087,0,0,,13qqdlSeF8FcxsRyapDMZ0,72
593,mVObfpaR2_I,Thugz Mansion - Nas Acoustic,2Pac,", hip hop,   ,   ,",,2016-04-03 20:47:41,2016-04-03 20:47:41.529881,0,0,,3srOaTBnt4SCup2BhVHOp6,45
597,be-LbSaEzZQ,With Me,Cashmere Cat,", electro-indie,   ,   ,",,2016-04-03 21:00:13,2016-04-03 21:00:13.551856,0,0,,7ldfz2uZ1WRwBk1k3cPQUj,49
599,7bJVfekSZFI,Memories That You Call (feat. Monsoonsiren),ODESZA,", electro-indie,   ,   ,",,2016-04-03 21:02:48,2016-04-03 21:02:48.447718,0,0,,2gpVdtEWFwUyl6uLLmvBzW,59
596,IicEtxmn7co,Mirror Maru,Cashmere Cat,", electro-indie,   ,   ,",,2016-04-03 20:59:20,2016-04-03 20:59:20.704404,0,0,,4LUu3bMpuxHjwPLj84rNSx,66
598,HM04bKL4oq4,Wedding Bells,Cashmere Cat,", electro-indie,   ,   ,",,2016-04-03 21:00:32,2016-04-03 21:00:32.698595,0,0,,3e645nY8BjBWj7cmvX482d,48
600,BPkMh7bR4PE,Caught Me Thinkin,Bahamas,", indie chill,   ,   ,",,2016-04-10 22:55:27,2016-04-10 22:55:27.366824,0,0,,3labT48xWDOOR5dWUUPCkk,52
601,ryDOy3AosBw,I Wish,Skee-Lo,", retro, hip hop,   ,",,2016-05-01 21:58:24,2016-05-01 21:58:24.290608,0,0,,3LklW07tvdx2AHsgfi1Mng,55
602,dBrRBZy8OTs,Buy U a Drank (Shawty Snappin'),T-Pain,", hip hop,   ,   ,",,2016-05-01 22:07:27,2016-05-01 22:07:27.96199,0,0,,2aIdVb8v9KTpEZnftkz2mD,73
603,o-jb6Ac4e7Q,Sun Models (feat. Madelyn Grant),ODESZA,", electronic,   ,   ,",,2016-05-01 22:09:47,2016-05-01 22:09:47.51443,0,0,,7jZHUhAmW5oq1cq6s8IxmK,71
605,E45fogGN_Y8,Doses & Mimosas,Cherub,", electronic,   ,   ,",,2016-05-01 22:24:15,2016-05-01 22:24:15.645232,0,0,,44CZRkOxv7UItaAUmh8PgN,69
606,7d_HD89ZlJE,Attracting Flies,AlunaGeorge,", electronic, indie,   ,",,2016-05-01 22:26:43,2016-05-01 22:26:43.796155,0,0,,68FYHHZVhTNEatQ0Q8OQWD,43
607,QzeQAeGyR0w,Monogamy,Cherub,", electronic, indie,   ,",,2016-05-01 22:29:06,2016-05-01 22:29:06.535141,0,0,,56fpILiIf6gm5R9DoGsM8U,47
608,Ur17pfjIRVo,Don't Move,Phantogram,", electronic, indie,   ,",,2016-05-01 22:31:46,2016-05-01 22:31:46.512993,0,0,,0UPsdEgJx6ypkfFUxD3ZHh,62
609,TIW1m3jbEsg,On'n'On,Justice,", indie rock,   ,   ,",,2016-05-01 22:36:33,2016-05-01 22:36:33.850068,0,0,,4woQ1mc7PzrQ39j0asLJrf,50
583,BjLBB-TMa84,I Know There's Gonna Be (Good Times),Jamie xx,", hip hop, electronic,   ,",,2016-04-03 20:23:03,2016-04-03 20:23:03.426982,0,1,,2zsa7Z6gCA5eBg0p9pbyLs,67
555,UI9WCl4Cd8E,Order More,G-Eazy,", chill rap, hip hop,   ,",,2016-03-02 06:38:50,2016-03-02 06:38:55.487762,0,3,,5O2Yjlcs5pSpHq1gcA0cwg,0
611,KZnou4zthz4,LITE SPOTS,KAYTRANADA,", electronic,   ,   ,",,2016-05-11 00:45:13,2016-05-11 00:45:13.674598,0,0,,5NjNYbL0eI1khtqmRRMd5W,48
