song_id,spotify_id
601,3LklW07tvdx2AHsgfi1Mng
601,79t4AzJZDEwoqNYdUoxBPC
601,3LklW07tvdx2AHsgfi1Mng
601,79t4AzJZDEwoqNYdUoxBPC
602,2aIdVb8v9KTpEZnftkz2mD
602,1Q1jlFs004vwB0DOznii3K
602,3guTXJKmMURN76FdZLZz29
602,3UL5Xalg2IerNtbasouPq3
602,64VSAE1Q5xdkweKwkGXxgW
603,7jZHUhAmW5oq1cq6s8IxmK
603,68jdeOPpbAVtrRcXPxB0vg
604,1FfxSgLHUkNCCLdZ7wrCTY
604,3tyMU1dWR7s7IC4tnNG1R5
604,1dMRwAGThjgwoJetd21QLs
604,7nfh8ovp2saer1tvIF2Oyq
604,5K1UMUaD9wXHdnfwwOLEai
604,4HIIfMBb9NRAbfWLDJ0lLo
610,5PR09nMAHAOOklMQMJchch
610,2zIpgXDzKglfR37jokrfm8
251,3j6hIIW1V311MrAUDTOJTP
251,5jBmZlWkZt3QU8QmXV4v5h
252,563vSy3HB5NHxel1VGQCW6
252,6aUl9dssU8LGeE7Q5ba1yY
252,4HK3JpAAIlGXUzT9SRNMpS
256,6vO90gbxZCq7fw2e0pSRkw
256,5jcMhhJ0gXhtruaFIBbL3t
256,2gaI79Gf9OeU0t4ELEmc9B
256,7vicvhgtH7AwJHYGksV5C7
256,0bAOEV7e7jom1ZNiQ1cZzb
256,56LskXQJn3UxY4xfJflGZz
256,3Tj0YOxFwJLVBEiZL0rrQo
256,0QuvmMEPIbiZCgNCgxaO48
256,5Z5ezgPdvw15lDpe2IQpoq
256,2nthOWKvq1xsUeZruNOkZG
256,6g9DRZLSolypwIjJaaQd17
256,7G1bnna2u59FmEdXmix7o9
257,7wdzLe2Gsx1RGqbvYZHASz
257,3ODXRUPL44f04cCacwiCLC
257,1MbEoScHOKOkpI8rd7cXEU
257,3zDlwMHUUjLWizguuXugoz
257,0utIuWrtLtH7mtDubmYZsF
257,0cuRLKCBmA0iumdtQSjGCV
257,5zPZqEPCSpUkDRk0C9CVno
257,4iyUU0Z8P0jfIzJMEHuqi7
257,2wfvCsqUHVEIu3OUEazDNo
257,3OMXlsNh8VKBHtueWYghSh
257,7KXTEQlXxeiXrKEC0gnuAK
257,4EztyGzhZA6nFLwhdgTYNQ
257,65L5Wh4wqg63z69OAlkWsL
258,5IIu5JtVdXYaqvpCAz9Dis
258,37AqT7uMhE3Fu8iqYDHa18
258,71fB9dnxC4H6b1gqvb2Ts6
258,1buQp2ScvCkschOOJtuwWF
259,4prEPl61C8qZpeo3IkYSMl
259,3ZUMC5OazTA8QtLpdlPdz9
259,5AxBPsKdjwgsBkr9nE5eje
259,6GS9F6UDGpmOg3UMwtxqmp
261,7r3oumwvHjsnh5IPtGrfNB
261,3NRavAAcmj8OnrsMVnoTHd
261,5r4FxZ081qZMDpCFoqthtY
261,0P29VweI5el6Ky9k744muR
261,01T9OuuIPRdjNcDWY16H9w
261,3mJimlaQKxPRzQpTCAkvP0
261,7EGeCq9XODzomOgEgX4ysx
261,0gJUqRed1nLTEKryfCKV93
261,2PAMNOI7QghaFSf3E87WpB
261,1C8urFa55kilDYSxrixKzs
261,0S0tRdEJa2Ht9hzaeVYZ8r
261,1jebrjVe56tA5sYcaR6a2G
261,4Oe9wkFLgNHwUmkiwUcm9o
262,07nH4ifBxUB4lZcsf44Brn
262,5o2clcNEa8fPKEbURHqHoV
262,0wRaAh1Km76Blq4qMJjjvN
262,0cRNe7YcNqTyXd09fkUcjM
262,5rrCiOiwp9dIkIRI2Vfayb
262,2eQxcezNFll63W18KwZYaA
262,2nLXiLc9zu7EVUaqUaHbga
262,0ZdJ0MBlyrwvuLNtv3cbKM
262,0UM8xa2o8jHCpvqQEq6Rfw
262,7B83XczYSjqkdojHFppmXX
262,6B84PEKg0cg6neUZNDL8ox
262,2ehEOBj8TP7n7hyeVbGM2o
263,1gihuPhrLraKYrJMAEONyc
263,2lLFCl7O5GWhR6RcuC4VXd
263,7my7OZvSNkcOqi4CJ4uYyE
263,1oRpmxf7EeAOoYb3ORzu99
263,2y55TcIUqrE5yFgRjeC0Ss
263,0Wrk08yOXEcCj5lwyJd3ls
263,6VbKyB4p0hAOv48DuikceN
263,7xn8jCdMFx4ziqPbAUZJbm
263,3bP2xPaVWXlo9gQwRSLyor
263,5x43kajvJQfmcRktDpz9Og
263,1jbh8pQEk6rVE0M7bKcyO1
263,4WMYVnWHUkbAH4Rjib5kap
263,29CUH1oudJKhTZx1sWSRIu
263,3ZG0sY9rvNxa7IvuaKcdom
263,5F6lgdRsNw8vqDFmhU9fZl
263,46PDjvGf8F0sHz6lDP4m6i
263,2iwo3oofCXRAgjtHFTVyE3
263,0bjb4EGHtdBCj0RCBs1Nmd
263,2xy6KyrnkR1uuyFSCq71I9
263,7GkRSaqLmjQ18CSKuBnVwx
264,1KtD0xaLAikgIt5tPbteZQ
264,2JRdqI1CjitkrJTRBSd1jU
264,60eCn6Z7xFKnS2PvO9dttn
264,2nQpI5duHrJGc5gYHmU2vL
264,7qxk7jahfUUW5pvoq4EkPm
264,7gixHmutc4RH2Ixqjn7XDT
264,42MTRWkbsBKeEQzA4gbUYm
264,2RM4Gntx1LPImkR33n6mvh
264,30mJDoyjOvY1scZki6AWDZ
264,1yQX7y0n3azfvz7KQrOAhQ
270,0OGkg1K6JEmljfa4XkSnkn
270,7osMxLLLThrTrWVXB1QMCA
271,2yJVeT8cP1zstJxRP7Nlv8
271,5zRTc6uDvHqssG2fvnVS1N
271,5s2dn6Xd66MyCGYQV4SwoE
272,2BTPW7osibjN9gFDRY4mYN
272,0Qel71ESRR3UKoZt0Qk0ul
272,77NftrSFXCnyjDc5mRP0Fs
272,02cRy0SKyYtDtV5gOY1enH
273,3b4GWSS7QnzRKqH0mEYcFH
273,1Cbm6HjFDzAeM2zB1WBMbD
273,34P1Oyl7hvYQwIVmY41F61
273,4GZXW5kcD454mp510otksU
273,23XwlTcISjZtx4H2jE5KF2
273,0Oivk8DdbsK8ul74lFwmVt
273,1eOHlH2cU9xUq1e4fRBx04
273,0z9HQ6F118XLBSS1rLLKxr
273,0LSle9nHsu0YlSl67JaaRE
273,0iq3IpOwDH3xEP7pUMYRXy
273,1Cmhpy38nUGZVulZEgZxHC
601,3LklW07tvdx2AHsgfi1Mng
601,79t4AzJZDEwoqNYdUoxBPC
605,44CZRkOxv7UItaAUmh8PgN
606,68FYHHZVhTNEatQ0Q8OQWD
606,3ZN2kKt9wJ7gstnGeeuKGs
607,56fpILiIf6gm5R9DoGsM8U
607,56fpILiIf6gm5R9DoGsM8U
608,0UPsdEgJx6ypkfFUxD3ZHh
611,5NjNYbL0eI1khtqmRRMd5W
602,2aIdVb8v9KTpEZnftkz2mD
602,1Q1jlFs004vwB0DOznii3K
602,3guTXJKmMURN76FdZLZz29
602,3UL5Xalg2IerNtbasouPq3
602,64VSAE1Q5xdkweKwkGXxgW
606,68FYHHZVhTNEatQ0Q8OQWD
606,3ZN2kKt9wJ7gstnGeeuKGs
273,479SYImrF6Ch3OmLI42VQx
273,0ssgRdOcmC8rojsfAvdvFN
273,311MV4vSdwZk15ZcFER6US
273,270GGHoucFJhFF3zY2MKqk
274,1i8S8b09hPcQEpi3U5cuwy
274,62A5E7nuLRUpcEhWMIJPoq
274,6OjJwvh9fBi0sqADwpbugw
277,5d3qZ4xZv0inQK292Mmnhh
277,4M0h7E95t1AdtfZN1zoYUe
277,0dDoYANdWiqGT685IYHGtV
277,3nPuXX959TCNQdfWC72kV1
277,37JCOoX4v2dvVeTTXh2o5A
277,4Niz3axU83aImYtLmpJ6Nt
277,3iZHYc9vDsYCDIapW3Mabs
278,3zBgPi9s8iroxNQ5rNYeQR
278,0i7PF890Oxa7oTZWjBoxvD
278,3KTlNSFYfz7w5bzlydoNHR
1,0pgeVJrdNok4KhbiM58ayZ
1,43WRMgpCVSFmv9wftWcZP4
1,0b8qcIPuFq77U6ifMUAVUP
1,5LIND2nughPnfO4Y3scqIh
1,36JBXfCQL4Xi6fhFJK8W84
4,4sCYKMatyhazyy6r2N7Hp2
5,6H7lESo7hzq702axQ0wCmV
5,6MSmxUTbIGOqXKl5XDW6Uj
7,0t2QiRkpag0fAgs9zuCPlH
8,42xDAj5qNVFcxciJP3hSJd
8,28JaZEY7P57q9EY9P3hQRa
8,4ZDDB5746zxAeYpS2vJK8v
8,4Dc9Nmd8DsaI0kJGmiRyE7
8,1XxTcFSRjMqwHHNPL64yvh
10,2mkv1b3dRFyiJ4Ybq31owf
10,57gf8TTzlk1BE5R4C7gfz6
10,3e0UUpSHfoW3Xx0AdPl8i8
11,0PHwCbA310LLIMcSDpQbgF
11,3uQi9psq8OzV1EFCxxosgZ
12,0fRsAGSCbEjdSYM1U3NYx2
12,3Y9OtlOEQeGQV1K27Ie78z
13,7pRcWov3NHxi0GDkKdbSb0
13,464V1P4EY1xgbJn3bu1TOu
14,3iDK8BAaBUatPR84gdfa9g
14,36Ae28qcIcoV3940YBBSxX
14,7bqVZBRrNxmrF1iFQLYX2X
14,4KQ7VqFYeeMJyBZVnpEMdN
14,1UGV8pUOgnKafhnbPMuMYz
14,6uxmDFrrhER0tjkRFjRdtw
14,6sKbKqxxrsJvhQBO00FXFB
14,1FTF17aDNrjqbPvv9Hx3ig
15,07ahbydCmD0CLoN2zIx8bR
16,2OFrAsP5Vrcb0DtsPNsm54
16,6ZbHszrfjkWwz7NubJrrc3
16,7AJN4FQryXUWcOjnR9V9Lb
17,0lanitPKPVzDigvz4KFe5F
17,36nTD6zQ5mHJNCl2cD86dI
17,1kU6CHxvOFoMLPzRwzVLUl
17,3aDpwWj57d6X2ZzrTBO0OW
18,0agehDrq7ZHos1Di3Gv4Co
18,3mmvWlKI6gPJhwrUoZteAv
18,4mgHQMrT77t5B14dnIiKBz
18,3IDTGizsuvxSGUaMS9GKlo
18,2J1W5AihjYK2DYjCu4wQao
18,6HKErczdKcOEsrDj4729JE
19,1s2cLSB0A5Gf4uYcLmajHL
21,6QL8FAYTbw1IFGRQb6SWud
21,5jRDHEemZKcEWSfZDjmAjq
21,4d7DplMK96uZEstNV7dgN5
21,1gODOwIogXz5a5ae7I2Enp
22,5BVPZwFDZtaIQNxVncxIwB
22,2xMQNSpAUeQWili4d9ehEb
22,4UhObmgPx3EDxbdCjbdLrt
23,0IjVJk7EZK5V71LUwk6OjC
23,1rGQjCIk9cpzLsrtjZO3OG
23,1rdfddPgQ1tdGifjjUas67
25,4THgRPmLvhNmM9Lzj8qrvH
25,3hdtMEnKDKJCB8DDnDdDBE
25,4D7me4sv7mtO1pClouHS3U
28,4V89IXbcngfalUVUm21GNM
29,5BF0Di2gIXV5wdlnobIKLF
29,71Dd6BJCQjxFyCbtt5DP2a
29,0BLWBITvJMp4Nv3ezqIcd1
29,2jDotBEJeHnoyrbBRVR6Bw
29,48SXzqSc2oVzWFOH9YOrHc
29,6L4ujv8j95xbnJ9MTKbkvj
30,12TyU7JblI0e8WhMTck8bF
30,4Njmtp4w81B2DNyMMwjc4k
30,2LH8eZOTAp4spvNCuLvZ8V
30,4fUAxTnK9nc4UYJNQbsimy
30,3CPEHHI4FNetNwk5OG7Itr
30,4S1UYhmET5BhBTpFo43KVd
30,4iB8tsFTPqOAnrCBsz3Baa
30,5oWHRXKO10k0MNMR4YCA7W
30,1fqrSCC1jBVOqDs8hVSkWU
30,2mLDp2yqeDU9HekdPVaNSY
30,47OefFD1VqsREbJP4eQDEr
30,5IBdFZzoSHqu6iGq3V4U7o
33,4GtN7yHlsvQanJfp2Qzw1A
34,3TY7K2W7mCw7LjnGDqFSkQ
34,61LL20jMTJixZtNZrBnlLR
34,6QFYjGKpeilCZvnAUoVJq4
34,4H0onYOl214xA49n5PVPn5
34,3mej4NGvQUI41BRYtPC1wT
34,6Rg3eGQ7y98fTMzdttjVtH
34,1KRL4FyAvsS1vtZVsUHFPN
34,0xWRVo2hsF5Srh52lIeuZf
34,5h1p69eEhZxoLORPqdVLTU
34,6S2cRGJJlm5stu5aQFcoSI
34,1QEvoRuoBscIfr3b3Yn0LI
34,7ehJeSWDMJimaOhh1ecAYY
35,535mcFQXTugp36uiSaTVNk
35,64PaL2zhiNF1gx8xNmeyP2
35,04Z1hAnLPmUHTKMFLFoXZe
36,0VffaI2jwQknRrxpECYHsF
37,7vseIfb8ooQmXzisuinchZ
37,3aQz0z86zrKjd1mcZlonxE
37,6hTcRuSaaTNwlyIYkkMpWX
37,5Na6PeGZLKLyGbRSE1V8gM
37,2lrkt52tzwD4wmGsHTCIKB
37,7l3MaXwZ2QHjJuJ65EEmFd
37,2uciGtl7TMTid7UEdLycbn
37,5BpBssHKb7sTc6kbpOt6te
37,4sbMTbZcKRaN5a6SPJbgXd
37,1sSQeFrsjfO4SAyqSEqY1o
37,29pORGD54Z8rifI1tdvEvr
37,4aDSkHGnO20ypjVogkW2d4
37,6pZDfQqjX8nv6VfTtxC0w5
37,4FeZW9Qo0JV9fDC6ZxREMJ
37,2jLo11A2NyIChRGrIPubVr
37,7bcc3xemP8xaXtIdXSoaTq
37,3TrvASDj0NezwaQcR34Spj
37,67zTkTFtzTgNkkBIZrrAaG
37,41rvsCKAfYRJXpNO0LIVOu
37,3Nk99p3bvj7PpcJr56X2SI
38,2PkYMUUjACVGLsDVjMfUgY
38,0rH3rT8dDmckT7MIEp0F62
38,1G9p6mKSPJeYwcxZzsdJ30
38,0TNeJWS27u6zKUFJ4HBHGH
38,3D6l0zse3gEhCISxxmDozF
38,7fSaJdw12BinoJL8pl2FbO
38,6CYmEmEfJ2cqVaNRNu5ADX
38,2K3nuZRkEDrbq18Gs1HlpU
38,0OxclYxcaS5HsgOzWaBvbk
38,21VCpbtVyPOIZhzo8rvH22
38,78JwXHjzc7kSRrr4M8uodQ
38,30Zjjiy4qxZvoiwuJ5RO6J
38,0txWdjh4LngmqqLC66QpBF
38,3CGLCWARNoGUkNkRRtCHN7
38,119cOvmZcpRhAWQbBYmvyx
38,3vRG5fy9pdDJKIbEacyJPf
38,0Ped3GD8ND2WeU1ah6vIxj
38,1spaTyRiGDOM8UYuMz8L3w
38,0Ai95YPUbkY8fRGhMxIEpj
38,55l9pBhZYvhqPbgLtDu4hO
39,0OGkg1K6JEmljfa4XkSnkn
39,7osMxLLLThrTrWVXB1QMCA
41,6JEntXLt4z98CcDtIH9sU7
41,0g5S3hPuTNFWRq2CbpXy9F
41,7qf3VKqcN2retPfpdMGHNu
41,1xMLthTaWJieT9YGV1hyS5
41,7e3uhRh9KFBrzrjtKSoJ0K
41,5AGTIWWLasdnpe5yvriQNA
42,6YUTL4dYpB9xZO5qExPf05
42,6zonhXHUitdQqZTqylx7Jf
42,1X4l0BRQfy7K3VkUATgwro
42,1xweD94ZrIv1pu6TPJCES9
42,5GZkcJ13qHDkcmcW5PzUiy
42,5GtQkJTQ01zxZ9xRuIBRyY
42,46PDjvGf8F0sHz6lDP4m6i
42,07Xx3OZSGflK310rMs5Bu9
43,6PUIzlqotEmPuBfjbwYWOB
43,7G5GELyfqBS74W2P6SFE6K
44,2Nf0RbvVIKcL0SbEziqArb
44,60wwxj6Dd9NJlirf84wr2c
44,2QtJA4gbwe1AcanB2p21aP
44,1dFkD1JfRMzwO6hwUsE8aS
44,3Gwq0zKnMWluOEPKh93BeC
44,00ZRyybLZ2o4fdqZe8GETe
44,2VtX9viww814jnWFERUhAS
44,5JEyMbmqdPeD7FlyLv3fGp
44,6xzCQrXrn0uOOKBQZK1zsF
44,1h7LBCgfnSUEe7qXRbwMIp
44,1vwvwT2NxGIc4O3pDQ0tUN
44,6NwrXtcFbc8OX7wJyBqE89
44,5OWhsQqUaqHvQwhVSLjOBE
44,3EneOkIIn7gdm8ZzItfTAQ
44,0HSLQNyOkBZupUBurCHZdC
44,4mtCNSfEwcwvm9iLG1bADY
44,25erct5EXEr421xrRI6eOW
44,3khGv4RZorZjm8jDk7SXhj
44,2XtiJWLCPzR9AyUKMEgu3a
44,18l9dai8PHPKp0MzR73toP
46,5r3aYGutXgsxSqB6W3RrzJ
46,6sF1olkhtHf8Wqsfx5hlhR
46,2FsGvAxjBVUCaFrm3uDmHV
46,4srQQlWnjE38SnSmo7laQF
46,3kuoLDPsZhuKXxGRxB0Oin
46,0GKygEzFKdDqjK6GvAM7Xx
47,1wap9wHVL6wzhmQOuyhwMH
47,4PPiV0xlKze0D4G93UWLji
47,36meE3FrlfHJmc1Yi37JQx
47,1y9TsMuILnWQ2mCVDWyW9P
47,6Il0apAnz35yMWyT9rxPon
48,6uzUmf27nYfFrFp3uzinsd
48,5TeJDgTXvQhO9hYwAdXzC1
48,3ijwgHEI1JnYVZWZoT0844
48,3AAuervxRoXscHGUcWSAcf
48,5mcK8pEYkzaq0Max8NYhp9
48,5X712NBtBsX2wSIVFNi4us
48,5VJ27oeAiqxAYo10ttv8bZ
48,1mDY0cFnXlOfCxa89D8kMo
49,6Exq3WVSp688axzQFEwm0J
55,558H7AyiaOkSQSj7BKzPqe
57,2eMh8ISgK9dylE51SJUixA
57,64LxDEEDDtQfb4bTadJsyX
57,0XhFy7NAFb8b1grm26Xwh2
57,1a5Hi6hk75ftgzAVMkj5Lw
57,7p88z3YWYhaPZaHLYgtePc
57,5U1GG8R0bhz26zpGIOCRh1
57,798nT7XDNETwRon5Ri5wPc
57,52iURkrkvWkdhHVgIKe9Ql
57,2JnzGFSFbdDl1CyHkgtmN9
57,6A8hOmtlWTHBQTJpDVVBrs
57,74GmCCHsykRFaL4CDNmYvM
58,45aZM1UAGfThfsQ6haapFu
59,4P6n0udLAnmCNXVcobYbsK
59,7jLz9pQmzJ847KHLb80fIt
60,5SqSckut3FcoQKmGkMWgp1
60,27NV2KxoQ8WuLMqlTDI61F
60,4PhsKqMdgMEUSstTDAmMpg
60,4M83QmuswqgMndAF7o5r9R
60,6SiyY8zR6v82Cg7Ap8LHBr
61,3vlVbJmvSm3x5Hqmnzh8HI
61,5TmMsbWqvW28M2SCbonEJA
61,3JBOzhH9JVAleHVpSliZsF
61,2yoeDBgcxGeCmsUmSfVBT2
62,6olPSu0DIrpiLYBfgb0EAk
62,6H8tEitY5FbP5lEOepM7q8
62,0AhrylIofbjbcxsxg1l9cq
62,1PMWR2RkOu004EXVYNnNLA
62,2Ebe4m3sEMDLRN6OS6LW57
63,1QH87F5cuOt8ktLU2Dnh7E
63,4JqPCgla8OupgtITTKfKxS
63,6JtvXsOCLxILwhVaHS2nCC
63,1AKlm7RJZf4xtoVQd52ceN
64,7wYK5eCBWNtORRrToouC7s
64,1T52KxNU8dUsgLDVp7Vyk7
65,2NhjrPCaQzDULWWZ0kOcGU
68,1SWtzh0fKCtJsEr81LQBwK
68,744oWcHqeWsMPqmw0Kk3nT
68,2zfbCdonuCdrLjM3MptQST
68,5FTxnRNFm0fo19mW0Ohxrf
68,4ow6EHsOHLPX9hlKN9B6o8
68,2VWHnWb3hPNPMYApNpRaY4
68,4bzShxCWZohoReGHPEx5Hl
68,5rGbSgMdWQxxNOfIgggiPr
68,5HWbWIQq1VHYsmdwx3d0a5
68,1A2BqOUOvz924HjJO81FxE
68,0T3Am48iF9hhsHjtP1UVGF
68,3PSyUjQjmOgmxUE6pYQTn4
69,0U0ldCRmgCqhVvD6ksG63j
69,5GDzL9A3IihC8zm00RlH6Q
69,3uEwbhvBSlE3pWT9yQfC1P
69,4PAhh2XNch3bxpeAK5gzgW
69,199fvGLqoH23blptlIIz86
69,3KEFFD6Tpb2DnUwcUr8bAc
69,6bkMRRgsfAq7lv3iNT3xjD
69,6iMyunmahZQRO3iKEz9upu
70,3xqxETvPg43KWP0HOGiOmu
70,4Yr5SL7tfeRMAGkum5WzoY
71,0J8jhDDcK11FkEvqQFF63L
71,2LW50QiaAW4Zu2vWaTMlHV
71,5phPfGyYHQRPBjX8NSl7wA
71,6ZyKyJywb5ALzJ9gQvO0Au
72,1oPenAfTz9oa1RWNBGy0tO
72,0h8ojQz5giqSp3Q5EWUrRv
72,7JPLceER8o7HdnBpDekW48
72,0B2MhJr1jwsrj1PCb738hO
72,13qF2lDbgckpjag5HVDYzv
72,1ircjiuOwwFGKeAOipReCq
73,1snNAXmmPXCn0dkF9DaPWw
75,3fDrZa4ksxA5lgi0utGu6k
75,34E4Who6yQOUV8Pp7atgB6
75,6mafTTslxHDqr8xkEKrudG
76,4Jv7lweGIUOFQ7Oq2AtAh9
79,3UzHyDmqpBJR2J65h0702t
80,44CZRkOxv7UItaAUmh8PgN
80,6WuPZIlw1u8kgdtNlTksDc
80,0NbBxsA96XViZLMAJcIuVc
80,6PsjSsNn79fB9MCXLcK4tg
80,4daIsdmt7d4hDV4AOCaGuv
82,3rp2n5UsWpMPsNuPpFKEm1
82,5fHGOimObvIVedxB8FtoSs
82,5XWOc0FrONhEXdrXyk3uFl
82,3wmbn26NWXsCuhFASqaHZT
82,0dcYqomdM1WIGtSOPvpUBd
82,0FuthWCs604C7L1WGIz1kU
82,1v00DagDbX7kC9iWvgdL98
82,1feFNYKdEAs31Va7KuDQYJ
82,0iqX6rBAQVC4ghfoC4NK0N
82,5GdC0ACu6zqMt9BZyck4o5
83,7ManPbVFsxAPxoY3Tovuqa
83,1xqjLdtB558KjSo7zvOXua
83,0HZ461JpW0uHBqZUL9fbuT
83,1jJlGPpd7YjzLkTjdjyXOq
83,2LCB3zw3S0KqAPD7hJfDQ5
83,0hmzy8qa2Znh1VSMdHSdYn
83,1kfTwgt30ZgLIbUVovK0dw
83,3pxPkwj95Z6LdcnHz4YRJj
83,2xDSPsTSqfKMR8IyQqLl80
83,6Jhn3L29kipOTLwcOpTHRK
84,7KW1JDjDgrPn3HBYO3imer
84,34emK6NJXI8s2o2ctTVaI0
85,0mwbc2AqVHIziVGg3syEI9
85,6AZN4TsBb6exrCMIQyFLuN
85,6KHO85g9kgxcVNxTObYP6z
85,48mIEQu1TNH88dOCCcjx3O
85,4WNpAReY2KFdqdfnpFTqHn
85,2gcbR1MvDXmcCmbgTPzPfs
85,2G4k9wS5mFHeqzwuyDTVlw
85,21OGExr19O0c1PT6meT4RI
85,1zUepuMmbDiT6Ck5mqVQlY
85,6GjX8Bi7bS2OiWKoCW9nyG
85,39Rh8S81JWDRYMVcSOjUyx
85,7uYcSEDqIz93Dj0nFhBtne
85,4TTL3M3v8ra1WGpXgZBi8f
85,3VbPCADnaTEChJfVp8NJc0
85,5TXnnnwKiGBQgEWzMVSGxS
85,1M5YOLlfGMofIs1GO8tJBg
85,5NaXhloo19xlvd5X6kN2MN
85,02m12yscaxFJkMKk3SzLpV
85,066wWfNJta4oe2MQwujB0D
85,0fQ1Wiyc8JSolY1VJvV6Ia
86,55h72bRMkO7jqGDziRKrxF
87,2aZ2Co4NeQRsqWcU930zHT
87,7AZtv7mEE1jvZH6YOisyPa
87,6HXaYcCPj5ALJwgtkWOgaJ
88,4PXb4gyyo85e3IYXa0eWkk
88,3CAX47TnPqTujLIQTw8nwI
89,723paR6LrVISFCXFPf5z57
89,3pWswuDSlGbBesQOjNnk37
89,5F1oOLNUsYVMRKMxWFC7f4
92,48bo7uexDvAThcRDvEB2W7
92,5EoKQDGE2zxrTfRFZF52u5
93,6qYC8cq0UiP5oeHkqYMagH
93,2R1zsWs8v0kttToyr6ITvB
93,3staqiEz2MU2W0rIuGbtcW
93,7bGiZbaHl7EYpU25IFu9aO
93,4jXGRd8JdJu9f4lTFG8UEA
93,4NyYAr9lsnzgQc8dD9capB
93,7beiRVY1Vs8QSxnqQCtsV8
101,3n69hLUdIsSa1WlRmjMZlW
101,0JY2OUnAI0szZFzmLVZ9G0
102,6BVBkKpZK09NmifUMZqj1z
102,41mxwoVT3EN4keZOHH7m7U
102,6obHItHLe5WlhFoTalxsoY
102,3Sp1DNwzhWZFa4NLw6alJE
102,2dPQlyMB8XPI2jgjQUur7R
103,2MLHyLy5z5l5YRp7momlgw
104,34KTEhpPjq6IAgQg2yzJAL
104,3CeYdUfGPCjKMDYyI1PpCh
104,2QOMGq8wVTZbLmh7McrvgF
104,48UPSzbZjgc449aqz8bxox
104,64BbK9SFKH2jk86U3dGj2P
104,1G391cbiT3v3Cywg8T7DM1
104,0aGQHMr7bc23Y9Ts84ffop
104,1Y6DGcTCuMAtw8KB3h4W3q
104,1XxCiPw07rd1ytYnE7SoJI
104,3ZwxczCIlt4nA7czQaugvM
104,1Se0r96r0gnqg67kJPmESc
104,7Gpr3kKk4BMgItz6UbI73q
104,3DmOWG8OD9eR12180fmJqf
104,23EKk7ESb97Z5bFBlkuM56
104,1OgyTG8JVzJghfAWm4gI3C
104,0GIDR7iLJgV5fJwdcv8TXo
104,6WUjz18yIeTGDR1E69WHtf
104,3s3oiCHAHLWmKZUYk1ozJG
104,28w7CPWQCqQxt0YCzDN75b
104,49colNVoLFcMszng9O8w4h
105,1qi1FFpqMQKnHfzEMjdind
105,1vSVbcvMSwlS68KCiVqtmo
106,0UeYCHOETPfai02uskjJ3x
106,6qWNnWeTNTr4nulEtHh96A
106,5j0ldXfA2BAOxDvs6CNy60
106,7tOcPDj3vyopZ404pY6UuP
106,2YTuqJJp22BCWZhlwUu9ok
106,3HEvzEwP0Jg0hEszE6P8x4
106,0L6FTymykfZ32iUglV83Wy
106,5u4p95grY5NfSft6955oLN
106,2yLE1TMnTy9el2WyyRZPLR
106,2AtlUrWhSDrVqDJ45No3VM
107,2746pcTPaE9FBHkvUivCsg
107,0fq2N4qK5B4mDuVx9FTpkc
107,2qkFn4wCOWYSH5Ae4q0i2S
108,5FKaV2J0xiwRENDsl0bMn4
108,2UNRV1OliNR7H8n5y7jYTd
108,7wNFWs7DXUQDeyOLiuTUET
108,5VgEjgg25jDvg61MtTFiCB
108,7fUm1OZIRDFnBqf3cw4jjc
111,6SmPPtaMnfxgz5duA6t9Cu
111,1qXLj4ywjsA0hGmaibmnn3
111,6s5VDDlaP4ouEsyze0xxMm
111,6nnFKop25VgCIriHQ3pmDM
111,0rt6exZI42LPu03cwo0MUx
112,2y4lAQpi5VTNLu2ldeTdUH
112,3laEHVL9YgKy7loUz6PaAh
112,0bP2WhCT0F2pA0vjqaiDSk
113,6J5sxraPPZ4b0CVOGAgpXj
113,2Bv6FAF1HE2EZXOOvuQsvr
113,4w0ezrWpegj1GHJ45y0kXc
113,4S2YXdmVnZDnbbvi4d8EHU
113,4PA65TQBItOwhYeW1AQnQu
115,5kF9PbklFhT0rG5J5jlrJF
115,0ct6r3EGTcMLPtrXHDvVjc
115,5Iy2Jj87Ha0C0IBlNE1I4y
115,6xNSaBtoPKlPhXsNT7ZwLd
115,4eteOEGYlGM33q76CKdPom
115,40jndh4Y9f3Z5VFmWnOq5l
115,2xhanMcOUuc43YkWHCE0f2
116,2mpsKeLCbdXkwEpZRNi4XD
116,03RENvqJKYdvWUhbuZwJY3
116,1zKL8G85Yx3T9Q84TuOCSL
116,1SC2baSJpW1wSy09LEU9aT
116,54YPUvtMYrm3AU6n84bUNB
116,1sQ6MIoJOmqBhwomBBLE9g
116,7KZV7GThRuaQlzRCvvefO0
116,41j7jeIuOETDrI26ykLmu3
116,1AciXYbUwXyOUQlTaXcudH
117,2nIulsLMiP2SMTDrtxfQXX
117,3RL4Bvd2XOmS7LP75n7Rqo
117,78eJNdMRum5h09ojyDJP0e
118,5HMsT7K9Pe2GQ69cxmLNpW
118,0ON8NbOhc6Y3Lvdg8RGH1A
118,5ponccenfqMk1csl2vfcyE
118,4JccSMjEqcZN9rMNrhzJIe
118,6Grt6qoUn5bdKbAjiazuRW
118,0WxGyZXB8g89LfjVdCydlJ
120,6ewQE1dNPv9qqlnB1CxrvM
120,2xxlzD6mWSbDHFEt1K41lX
120,6qi0vMwfN9qRh8wzrOyvp7
120,7xku1G9ghG2gJkFpIMFkgX
120,20WmYTCtriywoypd3d40Wv
121,3hDpkvXDbmcrKya8CUS6lN
121,6Mj2AE2xmnljET7JOU1dBp
122,77TT8Xvx637TpzV8kKGkUw
122,0lHAMNU8RGiIObScrsRgmP
122,38p5XtUGu6YoPiwS9rsuzB
122,1fI5yYMJEYkAHI5YRdnikY
122,3CH8paGu6YftRljkhCJZ9u
122,4ycYLHmksmuDEOnGXCdBs2
122,0j7pTqhCfMmIgv2e4kf7ZP
122,4yEvko1x9FF76bcs5E57x8
122,5SQkzgMbvhvA8tI4mWa2DJ
122,300Nv4Q39EYPVhIhEV1rwU
122,6sLj69m0PSUiDRKacF9DYt
123,3rbVv0XOyXcI27mMaJqz4F
124,0aOluBqXYd0rFSCsgDyAWX
124,7J4gq1xNP3IsG6lDk0eSa7
124,6d0wEqM0jJTNv1asKflGGi
124,4pCvaD8i0KBlJnwuvvx4pM
124,6h2NkoYugIYYb9jxKuvkXB
124,3wT3WDdQrsST19f1I08Z1N
124,1cmuZLsrQ0XN4ldFGeIKpI
125,3hQWDxUVBnZ4kDcWv94THi
125,5cTY3UsjrwOpS7VC1Hq2ab
125,5sjkFEGg8ohAcFAdUtkIjd
125,7AyGYbYGwSa6iGtIeV3cbo
125,7aaSL36To7mB8z2Bc3tyIO
125,6rDlTVxARcORjHs9mshbjv
125,4PXK82HeFFwwFavnaeD0eJ
125,4xndtWOqbQb0OcpQaFiv5J
125,0IwkJy94JGRCsLTPYJTRjg
125,5xXKtGirm1agSEbpkx0Zk4
126,5QGtJmeNShQNY1bo6LFs7G
126,2wdq6tOxawlcqSOLCMCKcF
126,6zMEOf7UHP8z3ySd7gGoHy
126,3yQAYGxLf9PetSn5QLBdIS
126,2Ti7S8onBUIFZa8YS3ewRL
126,4lcsks8GKXzarCxl9yetAi
126,0L1ndLDHRR7HBKMUP9Gt5y
126,6hyA78xTF1X6VZgDySjAS1
126,6U46bZbmU7AIYwaOe8ybTm
126,4EypbEeS8SkQVgt5EbMDqT
127,0AsiEE8ekC3vYEHjECqwQh
128,6olUplztLFFfU7fMYmFXOP
128,0tVLNAStDI7zGJDeuzj97T
129,3Z2sglqDj1rDRMF5x0Sz2R
129,7u0hfStBmf1j0yiD3Em39J
129,23cXUjkWflIKYaNhrO8Y7R
129,4AKktJAaouvJqnPq298DRs
129,5RK49oj8MFkcBAnrNaximf
130,7yCw7WbWOIRYe7z2aRjAaA
130,7MQ8UG9QQ5Oo403zpFtFHn
131,6CTG85NJI1Wm60pxTSRNwL
131,5FCrCk5y0vRIRV5nlT2w8X
131,7j4meQkdoe8VcvVgApCxFe
131,2PT6to8NW8PXYrXSn744WT
133,1eZLrXjki3s7CiNKMlpHQe
133,1kAZRlWm6J5ONy4FwVhvyL
133,79LFy8uuW0i5SiZ5cPf8tu
134,6JKoTnberZoBgUuxa6l4Kh
134,5G2Aazi0324egXctMbQCm6
134,1zYa8vWrGmg2jDewDUESU5
135,59JXnQ3QCfMX572aDTYd46
135,0j1VVFif10Ib9s3U59adli
135,6pJGFvFcsJPOg835pNYxyJ
135,3QBdVIlkKnc6SGPpwyg3zm
135,44INJFLKhwSmFhAxim7wVc
135,1C58O2IBDSX3zCjQzBZllw
135,1R3exjbONX91U0dA7R0BU2
135,67jm2RjOOIMYmrfKYWnxWB
136,5MhsZlmKJG6X5kTHkdwC4B
136,1Ig0CibqMCcsJYmZ6U00J9
136,35Q1s7wnP4izMupS8I4pIK
137,28GUjBGqZVcAV4PHSYzkj2
137,3FjPRoxtACgDhIK3u60CsP
138,2Vba5MBCdGqcE57GSiOstv
138,2lVPa1ApfWtV23WMAAom2i
138,2aFM8RCTeVK5OuYlpeedr9
138,3LKKYVM7XA8AWIRNRvB2BO
139,0k6DnZMLoEUH8NGD5zh2SE
139,1N1yRlgw2AgZeVndoGRFIk
139,6OnwdQ9Hwl9QLGUjPzWlZU
139,1HDwVypFT4Mxekh6J7EFJO
139,3Zvx1C6GOjcDL1Xbe6qWzK
140,1bzM1cd6oqFozdr4wK6HdR
140,4UaWrzY75h1tAvlxa4NKP9
140,5G6bN9FsiOHqEhYoRUoPUI
140,6mevhNrcHqHgHgisXUNaqw
140,55WmlMMbSefG8PPVXCiVF0
140,30dkQSLaSpCDP5b6C1dFab
140,6TwYRcjvdzOZ7gzeDrqLmp
140,2bXEtwgpTimIqm0ofA7USU
142,2HpAZHzHc9ldYvrNWu0YZV
144,0zO8ctW0UiuOefR87OeJOZ
144,0SyXvJ6uRArVWHXUyi3FKO
144,45CYItXhLXx3hdKDeWZBXy
144,6obVbmafc7Q2WYUQriEVxw
144,379MyG3YU9s0c0Af4FdPrg
145,21tQ61tNj6qbXbDwmSIPt9
145,1SC14RXvbdlIyqyHc6qQPp
147,4dErCjGXGdptzDk0o1pRz1
147,6T2BLEa8Qu8TKsIVMrwH8S
147,50kBuBHq9JBLvkb8lPMjzt
147,4EVQy9GDgpRLIn7vMfauiq
147,19SrwmakaUeuYCpdDpjZFJ
147,3KXVTV0NYT4UuLdyM8LIxF
147,71mK4geZT4akAPvksh4LPT
148,1pKYYY0dkg23sQQXi0Q5zN
148,5RByQFt9Mlo8hDYJ921tCv
148,0TxMRiAvI1s0L821BJJWzx
148,4NTnsmgHxlu92IlJqFwvoz
148,6XKvPNWlmnN0gJejCKm1k7
148,77ergXeMeeb3wyvxFOBfZb
148,258dUXRcX7Qt4TFp81cN2S
148,2iE7aiJQr3rOVAPZtGciAZ
148,2JdsqHqLRPu18W9v2uuv6M
149,6rZG4b7DocC5rO43Lv8zWi
149,3KfT22UTvoN3Cpg6dujW2F
149,0lL1Kvqk9nR0fdDfKJQFhc
149,52tbWYV7ekkvy9ksA5550g
150,7jZHUhAmW5oq1cq6s8IxmK
150,68jdeOPpbAVtrRcXPxB0vg
150,4Tuj9c2vHErySGwhKBDwu7
150,7ir5NvWxa7QdulzanjC0vO
155,5LuXEmya3JlX3ZfdudPAbO
155,6YptccdPHbEU5Zf6rZA3Ws
156,5LkD2FlMmfJa9kXcFgcsed
156,4z318aS0SykE0libSIBNkp
156,3e4tl0elG0x3mjYwPw6H3V
157,5iSEsR6NKjlC9SrIJkyL3k
157,5PX4uS1LqlWEPL69phPVQQ
157,2HUrnrn2N9XQvbvnDh5jPU
157,6MtKObWYda2qnNIpJI21uD
157,4LVDnRxfljiEerC26z3JW4
157,2tVSDpIxNHaitQ1tYEPjPh
157,2vg2JhBhdS2EiXENQYclPA
158,44CZRkOxv7UItaAUmh8PgN
158,6WuPZIlw1u8kgdtNlTksDc
158,0NbBxsA96XViZLMAJcIuVc
158,6PsjSsNn79fB9MCXLcK4tg
158,4daIsdmt7d4hDV4AOCaGuv
159,4jozjPDv6YVVDmDqDQqyTf
159,1UugNeXATVn1iEfuWsEyDz
159,1V3VXj5R2Mt5U4F9hz3wda
159,7MseaPAvwomCTMgH7Z1MtT
159,1ChOmDUeCFFLA4nk1KKpRU
159,5sQiOH50GFnYnXNSFoRTDt
159,1h1boGquzKrabshH1oeuwT
159,2gCHyHSNoOiXzuXnsccidR
159,2dpuLErUG8bzviaYQYQiPH
159,4GHed9zXc1E5QV5fMfqZmh
159,61CEJvrnMZ8Oy1X97EtzP6
160,1eyzqe2QqGZUmfcPZtrIyt
160,6uaBPdNeTvL4yH9CVJOg6K
160,53YYzXe4shE5FF13XBrhGz
160,5Pw36qPj0axCMBcRlZI7pk
160,5jOdIoHFsUlSGQGCoYs1YG
160,73Om4V2WthC90ZmLdc4kWZ
160,52S6K9bw2OilLlUkg6FPAr
160,0PVZSpDKXIfzfWUYIDSyhs
160,2URWiAXVA4eun3opjhdj4h
160,6vvS5Espyc5feE8NXHrSf4
160,3CQjMHCN0cdsSdbD1hoZE6
161,5iXWkUMZYRZADokxXnniYt
161,1eCVvAvSLFWJ8MG49bsQa1
161,2v4p1PJsCuxlPecwxsLDIH
161,3TAKTSkwAKddBQV2UwxxzZ
161,4ClnlYUq0qcJMZRD01PlmN
161,6EdbJDLroYbDwhHS5xfLRW
161,6YoqpKAzqj32HZ9Ra0lnnh
162,4prEPl61C8qZpeo3IkYSMl
162,3ZUMC5OazTA8QtLpdlPdz9
162,5AxBPsKdjwgsBkr9nE5eje
162,6GS9F6UDGpmOg3UMwtxqmp
163,3FtYbEfBqAlGO46NUDQSAt
163,2eGHyarZyRvUgFI4d3G8GN
163,1LrWIKbzoNEIKLvXrpRBRE
163,1gWCykFM4bhEKeQE86Qozf
166,36cmM3MBMWWCFIiQ90U4J8
166,4g59KwmhKYxTgs0cwDWtZb
166,4Q6RvpoURA3pxuYf61owXN
166,2gScLJJfw934iWw93gs70A
166,0nSuUgfP7TERZQyij22T5K
166,2ubV3fyUEpnLFEPOPIlSBs
166,46xnaSFR7R4Kn6hQysm9VJ
166,1VqB6tbCwW4png5Ogsj2n3
166,5bSOPBEPcjhV1KmlqwJpwN
166,5qOH1mAqQjhOcz6WovBa1z
166,55Z8pifThxHlQbpOwKN53Y
167,4n6z0yh2ZpoGh0RNyGVu52
168,2rmq49FcJ4U3wh1Z7C9UxE
168,3HjlQ4buHRRcOYNbRdOYit
169,6jmTHeoWvBaSrwWttr8Xvu
169,56Eh85ELaB7AkBI9QWbBZT
169,48KFySbjfnrdQc1okW3LdP
169,25w1AJSBFa2UsVrvx5UMm3
169,2b8H9mi6YGSDkHdgM4KzAZ
170,6plT7nFGiXKSBP9HFSI4ef
171,3rsq3qtqNBId48c0IVraTS
171,1XT95SWe6U0nZmchAfZh2T
171,5sj5gye9fsojnLDx6cskIJ
171,1l0xt0rcF2n1263yMGfYD3
171,057gYs1uPBfMKyN7YxQZbc
171,6jjvHp4skHKCEvhFvQfbd7
172,5JZnjM9ijpit0d5zjT8MM7
172,68J8vrLOTrUUOzaPLtWOHi
172,4nQA1dSDFtYUxyZB48rSFS
172,45pj5FYYuAed88Qkqp4R3r
172,7g2BBjUQWJDdRohU8mOOZk
172,6gZYYNkviEukDNRVwxRPEF
172,0FSIo3qe3JyapAbe1PebEM
172,4djwRjGsoqhVN2y0g7vLiW
172,0R2Ewl5gXUFohdr8lHkqqJ
172,36emXWXbAWqtKdXPZfwNnO
172,16TexclJTtGkgcLJmNfFci
172,13VU9JTEVLrDfFUi7ZhuA5
172,2tL0cgBCJ9TwzHw7AAeWql
172,3QrQOaezeuqrxQby36Rt4p
172,5pqMk46XDwSLzSVOXfrccL
172,4bldOa7ht1aevSbBb5C458
172,5j1gh6fyOgF8AgpzVVS0px
172,4972gY5PGV3kljIQ0GPoCl
172,0gyedHSPk48i6NLQGk6LVw
173,7dPlyKfNCdTcZTR7dsmhSJ
173,2dzhEkd8iTtrwADyzTKb5N
175,7FYH5AW3bVfZHJIQpq3UOA
175,7p54iuWHqvdeN224OglZ9t
175,4qo0aBXSAj5WaXzpKzcXWj
176,2ndeRWn6rZ2y4N5LY3q9wf
176,5gGAGypPz7dszHuASzipQM
176,59uBH0laH32CtMNwbfbxhn
176,3M41VYSGnTgGNZ4gJ5EDyH
176,6oyWsM6luPOUskrs7mGhkX
176,6OhYjWTENROvKQmJR0Lt9v
176,0rMAFjn8oWevFjJyMGbxxC
178,5HQDspxnwlx9RCJINFxeGZ
178,2a7vr0tsIsFJUD4tPx7nYm
178,4pRcN6zlMWphyzPeXcz0JB
178,3SxRcNj4jQPTm82RfaX4WT
178,5vLLQo1saDmqGj2hIrJGDy
178,0wk6j4KcZTkdvzdh9uM0UK
178,3SGxaqyk2V4pOEIebCc5Gq
179,3ySxo6vRP0t9WCqhYXXMWN
179,70HzrQxN2ICmGy9xtSETyl
179,6e8FPj0JmWeAXAkVyCfrR5
179,5v8XhD72eYkyvYXJ6dRUuc
179,5WP6neDjXbqqFHNIjduN96
179,2HceZjW3y2p7dLDc5tDeq8
179,2K8Lb1ikfzRwcK29bfL4eL
179,4DHNtbpWsNotrHAWf3XAgc
179,1Z6HfAtxC3doMsY6938Sz8
179,71JLGJkGfhH3hjSGpCK8Kv
180,5gRBzv7QQJXz7HkEJYBIyx
180,1TFUyBAIlE0sJ8fjEbZvKZ
180,7HnGFvVjpGstxG97wK5WRI
180,0IlZoFM4VhRcVstrGP4vYb
180,0kWKXgsmsh7VrHvxBTdjOm
181,5IHiX99uzPBDfN2MLHT3Mh
181,5PvXmPSmTvRD5umKiEyGOX
181,4FM5R4eOgehEPyNzo61d7l
181,648gK31Xifc7WCphwWLbi2
181,1wtKNuNi9k9z3t87ThMC7J
181,66mt5s41YrZDqdHvjeYdxC
181,1EHKOgzKT0sAlD0MFV2kSq
181,42iCo9oQXvLdUMCmz4CXze
182,0byUGapJ70OOpxIC3U1jlf
182,0Xso1JvrvESIBKQMZ47BZm
182,0F2BzNMHbVu36oa9zRP2AW
182,5swgRHVTtuxhnnTuTGeXT9
182,2I5wiK1kEurdA696ky3Ilf
182,5xuWp2NmvUmrw8Jzvj7nME
182,5DS4bySRi1FYtaZ2t9Glp1
184,6h4yONyGIFXYhrvEX6jVeb
185,3FcSfxP1kSBldsp1RtGFK1
186,0AVzhaaOaGgdyXJ2orgfwC
186,7Bq7rXavz0REWsqLdMiDce
187,0U0ldCRmgCqhVvD6ksG63j
187,5GDzL9A3IihC8zm00RlH6Q
187,3uEwbhvBSlE3pWT9yQfC1P
187,4PAhh2XNch3bxpeAK5gzgW
187,199fvGLqoH23blptlIIz86
187,3KEFFD6Tpb2DnUwcUr8bAc
187,6bkMRRgsfAq7lv3iNT3xjD
187,6iMyunmahZQRO3iKEz9upu
188,3bMsT2EiXYKSUjc9uvIkI3
188,4Ltak0PuuS0a9Vx5YaQGlb
188,4h8VwCb1MTGoLKueQ1WgbD
188,4QRZirU4s1f30iDHzuKncj
188,0Fd88oYq5IZsWUsApsu0DY
188,0gxfMHKy5AJyQw9fjJ81Je
188,6vQ0VbsRRFOYVmjAMM8c2a
188,7ivZqsjeVSJWXTIjuFo7uW
189,7qVLZuvzNjyiy3TVtEBwBE
189,7cyUppcNj7ojpzPlB0CPW9
189,2w1jwy4Rfw7DRMsn72tPoG
189,4EEha5vL3tovckSbyvPbdg
189,7E9qAKSXS8FmVyoAm55P6D
190,1AB2QUlvliy0QclNdEbZ6C
190,7KJS3YVQrfvE5kDHNY64kH
190,3LKTtW8xK6n0PGWbPTZCxU
190,2NspD9CXek9gYAe1r85OH8
190,5dXiqfx1SBBIXLmoo7EGFY
190,1WVQtOSTvgceM31VXAYtnD
191,4DXlMukYPm3OPFIiOgWKvh
191,6cPf9tEes3kLf9zXN71z1Q
191,5OlUdjeALf2oec0w90RZOA
191,2pKGcuvxtxlCR6DwNQ1w2t
191,3vLwhsaHXbb2UHa8xSq63y
192,1ea97AUSazu2QZw9BnHJqK
192,6czR937sAtt4KbrZZPCYHA
192,4PoDU8p0vc2sxtxIN3IkhP
192,1Uj6MyOXo23URtlfumdsYP
192,22zpSrsOi0pzhsnZlaoGMX
192,4Sgnl5iOcROz7f2EPDvBYn
192,2S53b6cDqI3av7dvFmLsIK
193,1kusepF3AacIEtUTYrw4GV
193,7CdoiceXjPWZxjQT0q3aVV
193,6RzgLIPAL0ikigYa3ufujc
193,7j8H2Zyo4kRmM91p9xwp7a
193,2H4KuoxFShXd1FAbpp8YhK
193,5UP6zkM6esXnYmncCMEsj6
193,2aEPq4k1mg6vDe9y0HzDvP
195,4c9nfk48NdSR9yJSja5tvZ
196,5Z7cI9glyUTDTRtWSs8K9I
196,24Wg0LOxWPYLDG42s7UMuv
196,5SA4B2oLGa4pTBXNfVGovT
197,6b7z3keZ5gDJ2zBnyrke9P
197,3F5tG1RxiT9EPCtPEdUodD
197,5Tr13wSfqSAt49WBezUCQU
197,71sCiLwHdR78XbbieTxOyG
199,4AH8GJVosfrbfhe5NVTAnx
199,5iIEiya1M0x5IqXochzPs7
201,4Fv6wNYUixnYkj3Dgfrls8
201,5CzwVm8iCBV6i8p2N7yEG8
201,1W24EoQxALLuoLDhJXVEOs
202,6uz0z5oMeC8QWfTHeR5qlF
202,0ECDOHOCaeWrS82BLhYhkw
203,23lXkC6bAwj8TXYoIiYduy
203,6IFsjwU71sZpC3j36QHrvL
203,0rlTxL5C1gJEXUHmIMzEMw
203,3cE4BI4sDm6vr7SaBaN6er
205,6TMSo0TqIKaotFuWeUKxc6
206,6TMSo0TqIKaotFuWeUKxc6
207,1QhfLopkAAkDRpUmMJ1ZSh
208,32ThzXPiQKs4CYqvlE7CFq
208,5ISuVLkBhcvTyaTAC7aEK5
209,3G1dAbgApP4NlwMKY1ZMnQ
210,4R3Cp4YmYqJEw3URx8eu5P
210,7wLIyOsWGVwjp7hPI3H5DM
210,0rzyekbI6eGLOUFdtA9wns
210,4u8078tk81hjUabD1RkDSJ
210,0Kyfko2lttMcusmXkifcgT
210,6WrfjIwwU5SKrnp8MQ2trH
210,3A0d6AlFmnnn3yvBYZlNUu
210,2r55WNIZmj9FFxJBtX7yLt
211,39yDIZ5WpcwkFyjpO8SN1d
211,2Ffex94yHtGjNiyQ7VH7vC
211,16xymbnT3JHhpmd4ViPWbx
211,554XP9RHrjLUmqJMV3VlKy
211,0flXoSYgtmbvOHjcNJrNlv
211,7zNzXcLH8mSoMp653zTpyJ
211,5yPlxBv4AGzqRJhr9grXRX
211,7jeTPuD3cpKU6DNwQdekKM
211,0ZmZQbulbiidbYdS0dES7y
211,3USKvI2sG0evhq8QaqgsIE
211,59JKeUNyuNZa8kuABDDDXC
213,5ic68M3jaJTEUcEIh5PcqX
213,1XIsfNsTllvBtGEayIfz0S
213,6HyCJzhQOQL8Vll2WS2QLm
213,4G4v2HrmLXvowbWW5wNBNN
214,29Zj1r8cek15xe08vNUOLy
214,7wNFWs7DXUQDeyOLiuTUET
214,7fUm1OZIRDFnBqf3cw4jjc
216,6czO7f5O27kKQfTTWS88oq
216,5NiZsDkRijnZ6v3GfLb8Ru
216,4rFbPbE5R09HOS6WdVuRJF
216,0QEHo1kmWYJ8k5CDYit1LB
216,3w4fVWLU4Za79xVv8HLzLL
216,2WJTRirhxCRQMb28wjVXY4
216,3fYRyUJ1bP5VZTBu2SMLyQ
216,3dK0ecnHfYs8AvDc5H9FHX
216,1foIsWtXi3IK1yue1qnTeO
216,2UtxH5ONE8QZur96wG4sqh
217,283LAlCpfArRZOXPfkOQj0
217,01ADMjKzsqzXYN7Ddtu1cl
217,20qWgXY0EZIm0hSzuU91Hk
217,42JC7XjdRGOVOKOZK4tvcX
217,0gIYoTkFol85zZW5FSqQv0
217,0U9SH6vR2n9uwOv2pV4xAI
217,0XPTNH3YXXlmIeT4YD5pi9
217,6khitcV9375KZ5hZRrSiL0
217,4H0onYOl214xA49n5PVPn5
217,27eDLNYkxgBqxIH0hH6hpS
217,3neC5KHIbZUh7WPxFIKwng
217,6EJycDcqZOshTBq27AZ4Tu
217,5yk68eBMuGEyoY4ONjwy9i
217,7KOb2CMvQf8wRHkqHtsEUL
218,6VRhkROS2SZHGlp0pxndbJ
218,3FUZpoj9VV0sgc8RqbS3xQ
218,1SbqxemPdwGlvmirtQVkCU
218,1ShWHEgisDGPl9G3g85ANu
218,11ZJb66Ag7gjTmLBKF8ZuZ
218,687RRToOFAtpqZRzmbhGtu
218,1LV5G400jD3Ytvyv6Dlkym
218,0lEwO2YMAAMS9yA7mRm2Qj
219,2lFTzUnuGaWlWHJQokjRyb
219,7JVNRVPeXFAOdMrxOHNjVv
219,6Ce04PNSJO1KkF1WWhSXEi
219,4jZWeEaLCnwYtLnVEN6BYV
219,5EyZKVNSF2GVg6GhrlmtBh
219,7CLWX894gh7Ev4Bckaz4cJ
219,7ADy9yJrXpirn1IrWo6jBq
219,58iEhaCUXldfjDvNhjn7E3
219,2bAD41U8RQh4Z7rJinqzNy
219,0aMf3spKdYD3F9iOKHfvuM
219,1DzdUMhDEkZZJviJFcZ52G
219,3ESGSptp9NUrzUGFztxm1S
219,1NsczXihNwzVMRLxTehCmM
220,1tH0Xwni0oJe4DI6O7naRW
220,3RD5yzb49pSm9apzuQNSvm
221,5HZMDPhrOc5njqLkDS9Cq5
222,51bnedhUHDZViazmNJtzqF
223,6GbUsMfAF9dFe3vLAO5am9
224,7x4tFmih1JBITx0e2ucGrT
225,0Fc8hmAuH0rHYq2Ur9t07Y
225,2XMUPe4zqjijXQknUAcxT6
226,4aspccQOxKAFERENm52Zao
226,619LGIczd5LtwuPWo2cKTS
226,4k0wBoLby4uCK1hEsKdmjL
226,0no7bYTjs29avJRx6c5pXA
226,5kMB3nK4bHxQQMZGuUOxu8
226,5qPC8ceSdAFtKIW3NEeHi2
226,3bwg4RP3ByGpntE5tsaXz4
226,2XtQUWt0hUeP5NV2NAEMKQ
228,5SsR3wtCOafDmZgvIdRhSm
228,4lrjnCVD8cnV3FEEblovxB
228,4y2bMYA83ZNN3pW47ZOgmr
228,2DQA6QudETG6hrvoWOXhOj
228,2ces2SCpRUkLRHl1MeEdDn
229,57kR5SniQIbsbVoIjjOUDa
229,0OpcI3rARLsNWgVbPdwHD9
229,3EacEcPQv7hlMAK1sDWzIj
229,7K6J5sDjzyON20FjMCW92Z
229,7rIBdTANDlLKXjGB76ekKR
229,6KKwfxx6OCqRi8zEKxVo9B
229,3fLP9tpmihs7hhAMQq29Kk
229,0G0uZFaUjVRxmJI8XGhyJZ
230,7IdTIjPXUc7bJQyabnmQiT
230,5xcvi2T8spSEallbYB2Zke
230,1aaAJLYQptBtPScUh9ehF3
230,4wZm6s98lPtuc3rbl5a91X
231,4ZOuB9nVbvyeEIYKbm55O4
231,1hcjoDBAhytssvgrY0gJuN
231,0GrBrlbHcLoV8AYTqUeQYR
232,6DKkFKlKS8lIOFvVacOfhc
232,4kTadAY0mfFOCm7wA1vwf1
232,0gFOJKbCZnIUKbyiH6nQkO
233,57kR5SniQIbsbVoIjjOUDa
233,0OpcI3rARLsNWgVbPdwHD9
233,3EacEcPQv7hlMAK1sDWzIj
233,7K6J5sDjzyON20FjMCW92Z
233,7rIBdTANDlLKXjGB76ekKR
233,6KKwfxx6OCqRi8zEKxVo9B
233,3fLP9tpmihs7hhAMQq29Kk
233,0G0uZFaUjVRxmJI8XGhyJZ
234,3yx6eryOZgO54bt3B671cn
234,309Dvb1Z0fyiQpjgAcMCvm
234,5tc0TpVQYVNXHcTQ79BZr3
234,1Wjm3HXHqv2Y1zTJPAggMV
234,5E7o2WM7MUhx2tz4RIdAVQ
234,3jQ6PsQJZ0LXrvdsyRyM6J
234,0RLd2cDLB4JaZXRM538sVP
234,4uKJiMaCBxBxsy0b0pm4ck
234,7fj6W4dMyCsEGgwx6f68E8
234,1T3TOjgLqWbLzk713h6vLW
234,3qrvSuPKDOAYzQWoV8FVJb
234,3NI4pUaJaPBO2AC4oC5qN9
234,5krRinjkYacyRKGxc6ekBZ
234,1JmS0btGyTR7RfiLhSbQbp
234,5zeetSZ9DrcMvFWg3L7mYJ
234,41skOnPc6Quenn7eRdp3Ym
234,5zd1Dhn2x0xGGn89K9ftSs
234,6Td4EB9ALDwo57CavBwLuP
234,4y9mivVyaFqil6do5D6APr
234,4rshq8XGfFO1xPuxKKk4vo
235,7IpDQcksaT8SxS7vOX4SRm
235,2lYqACur6GgSnRTiVhUaUm
236,6u0dQik0aif7FQlrhycG1L
236,47c0P4sWcp9FIv5ryQZ5dr
237,7xqANDRz8JFxkwfY65WISy
237,1Ngm5f21E4RjPPz63xzEVn
239,5VHDETSrZI6fCKuaa8YIZq
239,3MJFTMI0nhaoNjAA4zcyzE
239,5ENS0BT7Jxjz93IE7PXNlV
240,12GnlylbGCoHldjYsMoz0C
240,3Vr1FxMHtBLnQASeLl8YmG
240,2d7Wkw0qgUFcOxOmShrjKG
240,495HKvRcFC84gFBG1KTpA2
240,1beOhReE4hMg0ti0181AcU
240,5KTIs1JdbmacjPZSTB6jde
242,30uJNlHIjfDeE4vr8g9fpf
244,3AAdbLZWOptsP8ViSj71RD
244,1Haq3FvPaTsR07ti9hmmd6
245,5EUlMkyX5kwBp2SFU6PqVi
245,6z8q0XYVPJR7lQs22qQQh4
245,5VHDETSrZI6fCKuaa8YIZq
245,3MJFTMI0nhaoNjAA4zcyzE
246,7dZAPeA3Of5j5Vaef0DQ6M
246,5bkhrGvabAPrugPUm7DvsD
246,734k0w5LdHrXz6CzsNUKnA
246,5rzsUy7pGLTJVmLbsn3aFd
247,7dZAPeA3Of5j5Vaef0DQ6M
247,5bkhrGvabAPrugPUm7DvsD
247,734k0w5LdHrXz6CzsNUKnA
247,5rzsUy7pGLTJVmLbsn3aFd
248,51oVwsllGkGySCLW6inIXE
248,1FgfcmHo6hhLuhLLHhZKIl
250,0a8uknDuoiWLuACnaLPlgr
250,2NRUU0gP1d8Yif8CpsCW8l
250,7yPjAIpoNmhnt6l4kcgkU6
250,3N8ZzgtnlGVTTlOEpBk1L2
251,70tFuqBcduJv15bEnOPRTh
604,1FfxSgLHUkNCCLdZ7wrCTY
604,3tyMU1dWR7s7IC4tnNG1R5
604,1dMRwAGThjgwoJetd21QLs
604,7nfh8ovp2saer1tvIF2Oyq
604,5K1UMUaD9wXHdnfwwOLEai
251,2S8rKY8MAVnQ976ELkHli3
251,4QkAzdERgPZr3Djteoqo82
251,6Uj0DygqlzJqduyny4lMA6
278,4MxUfnSAmKSzlnDLzWOh7F
279,4iyAcGNcrblYIIE3FYdI6d
281,7HCj6qN0tG2HN1eLQyWUBg
281,2GO8ZpAPxr1obsQ9PqSQc5
281,6EaHDsTWNNJRkCMtptSE6n
281,1F2Ca0Cfo7DcdieWlZEqzc
281,1UyNur2qvjxjpQKyYY3TLF
281,6LXqdT2n80uQvmXUM6mJiH
281,4Ef4ksYK9Yn42rBj0tBer0
281,7vawX5UUVTXIBs05hz3JqN
281,5IuOidTmyyKbksowiouoAb
281,6XEX9I4rPbLUfu80qm2XDd
281,7z7100g9zR2d55U1kGMyCv
281,3OgQWZf19Ennv0SS5RmGz6
281,1N9AYzyvUKjBYWNr56hUnc
281,7cE9EO9fFcNJQ6VLtPq8ra
281,3524wA8HPoVtUowl9rmJ8h
281,29fZ666rX15qbxBqcsJQKW
281,5gmc6kIl1yqoBHFPKIb1KW
281,44o54N8hO71lPK8vUYsCMQ
281,1LNMORXyEf8eKfBVuLgiH6
281,5Z1lPLRL7tIecAXUNSvITe
282,1F2Ca0Cfo7DcdieWlZEqzc
282,6LXqdT2n80uQvmXUM6mJiH
282,4Y0styTzbAROQcJBQ0nb7s
282,0q8oCYrqejcV4tIaDKI0tF
283,2GO8ZpAPxr1obsQ9PqSQc5
283,4Ef4ksYK9Yn42rBj0tBer0
283,4Y0styTzbAROQcJBQ0nb7s
284,5BxVRqpZi6tIhAap1ZjzVD
284,0pBLfQ5JBjh12H6DGZjMwM
284,7m3Zf3DaUqwQddH4gKslI8
284,0GGjf5UVYb4FFh6OTT9GZB
285,4PPDrbRPujMQBLqlMg2yNt
285,0jlnNWED7dI17fJc2u9t2I
285,2p3wV8TepzVnONyPLdH5LX
285,6c8PTPYw9P19Z7UEDOgHdW
285,17sIiwBCYzEmG82eYUo46u
285,6ZL9gKnqaJWD1DvwunUHrU
285,2vQIBLmarXc92FXHJvnhrs
286,7CmUcBk00ychU1frmYU0Sg
286,1IBqGJDcMAZogrr8hLaJfu
286,7JWKKN2i2HBaRadvppE28p
286,7y48L1d8yOKqTLNVkmzUy6
286,28yrsaTGOmkAnKWEabAu19
288,5Fli1xRi01bvCjsZvKWro0
289,3u1Er1rkjn1oSz1xdZH3ZD
289,4PZsf5nRJ1kmDVHsRFm6Vu
289,6F7QvUbVgqeDEKE1Z6BkD5
289,0ehBhPh46zYpM1FadZlyPa
289,6TaERvFa74qSvs7kb0qg2L
289,5WlUUOVyV7wDIw4CkO6l3T
289,3pmzJhxI9UzbbgMldcSo1i
290,4VbDJMkAX3dWNBdn3KH6Wx
292,3kAwGo8mtUPsrctroxYLku
292,3Ns7BC6idlcJ9hzyNAnaTz
293,3a2tuvXCHbW5nuUckuHkKT
293,0dGVOz8yFNtoF9TNOLv4MW
294,60ZGteAEtPCnGE6zevgUcd
294,45632tL5NElK2mPptJMKZp
295,0W4Kpfp1w2xkY3PrV714B7
295,1Mack10LMsmGP9SDeg6Tbf
296,0c6xIDDpzE81m2q797ordA
296,5Lyw6U1IpYmKQ0kAOadOj3
296,3yuiEzWCXNGIhwMyXzqF7B
296,3TFD2Do7ozJ0YzePGcLWZE
296,0DeNNAEVET196v2Yk10hBl
296,3oglzwYLNUHuPVzmYj6d46
296,44tuuz6be9CoYhTHoWuqit
296,5UC342PV6aknqu3WvlMXJy
296,6h7YbMOffXOuJAEwLLZl5S
296,37vQIYqnw3PNJaxOC9jGes
296,4ve7VwXMtgJzDp1Nma8jU9
296,3EUbMyF29pFMicedN2C7iH
298,4PR71u81rq0wYpWrlGzEAs
298,3SjziwsYsQAXcxRbzNyCgO
298,3NPnFwu3ysC3JJzxbuYvwm
299,0PjkFSNBbpfYRYpAG4uuGb
299,63bniwRWWFGoasyhX2eQHJ
299,11N58AwI4g2GlBaHEiZdmk
299,0Y1MWB026LYxGvhq4EcMiC
299,6t0lUQqLtQdFBxzddVas4d
299,5h96SmVfXfnvBy4jkSLSKX
299,5lCfF0woasEzNAwLKb6sjp
299,1RuiHk9VGvuIXuBAIRAGP5
299,1XWmngSGHyXMAoBnXVIO11
299,6Jwy8TeiZCN5jVpVVfzM9r
299,4b3SLL82QfZJ6LVtiqJnKN
301,1UF3y7YPuvH8FtYBTFafHY
301,0noxX2Hzy7iHcYdIgSyFfF
301,7qPoqy4vTAGRCcjnHhUfod
301,4hXTPQAh84cGoQtlcvdEj8
302,4OQ5SmNCubSbh09VyaecVB
303,7zrKnG91Us4YIJUoOnpZWJ
303,4px2SS3vwymJYyCxIiiYEe
303,2MsHsFUwNwxAPTQwaD0bEq
303,5WuRE7Ri10CDjBRwT4V3r4
304,1EC0kxOYVgusryPwsMk18u
305,1wFCJmYkND4DyLLnz2nFBm
305,46eUEwI0snF7OqichcDzy5
307,4jEYbXkcIctffZOkcJONoO
307,11Ibjx2iN27rKUqrS2zzPU
307,2CteZj56DJsaKTJLdOhkSk
307,3Wcm9A2fwTAUlQ986Y1lzG
307,0rS3Ld3chOSePF8N4BQIww
308,75mE9LzZzQoDwjS4OuuzmW
308,2WslenTPH7ZIWt8qJbgyed
308,2ZkeWyoWKTzZUR5f0q1U2Q
308,3evFVp6S3IxMejzYpcNh1U
308,5ZH7MAEV07trMXpWFPT9s4
309,1vyrrrnb7182SL6iOMor3O
309,7H8fBamGUheu0DSpp3pj03
309,6yAVbABh3EtTBFsnj0xUqn
309,2YruoMfTiB8ryghIY8gsD5
309,0P42eWQvmNe6I453EkicVo
309,2r28VvWB0kMA3o4epSlcJG
309,2thkhmT6V883o46cmlLboa
310,0JWLZ6qmGKGZnjH3nUi5Jt
310,1FseI9tnVRn6Qj6b1lO3iE
310,2opjjcRnue4D3T8j1wFTy5
310,091xAuudZawgBPqa60GrZR
310,5q2TYF15ocTrgZazJ5y3Ao
310,0KfNJOGoAdmFey2qicANTX
317,0ifSeVGUr7py5GggttDhXw
317,5jE48hhRu8E6zBDPRSkEq7
317,6mPCZm2rCaTledoBjTqSRl
317,2B9rafHNGPpnaAtqTcbrFL
317,0b5YB52WamRrdH9v2jLpVg
317,7lFz9xAITNNImDRJ0CEIly
318,36pLU2ywVeBKEF0rrKtmCB
318,0PPXEgevjLKKso0QVhEFZ4
318,1RjpMjVNCHWoltfYSBHEKg
319,4wCmqSrbyCgxEXROQE6vtV
319,0RtMRbaqeadQFvlYxcAczv
319,2EDJkuEd5tvxSAPiXCHACe
319,0KnPm2TRs8XIDNouoLKfdX
319,0pKTw4qlPTgZn0anwytcG6
319,7u1PK6VeDCNHzztGJtqqPF
319,3VzywF2Vd3ejMsREBNp0tj
319,4HYSBUR88sZqBYuFEbHByM
319,5M4oMstH9c86pOMQYLZ3jX
319,2qPdXyNVJxGnUsT6V6xGEJ
319,1zebrlnS8iBSOSDVCcwTK7
319,66Ln5gw710WLRCnKstrE2e
320,5cf1ZfI16kHp3S1ySpQ36G
321,1jJci4qxiYcOHhQR247rEU
321,0j6y0rckeHoVSJvdgBg80o
321,0ABUwW2eGGtBMc696DHGkk
321,0d2IEasr8VAvams39TSSEx
321,0DfWB12lkdQkapTzmkB9Nw
321,0wnAHQ9s0yKOXuw4NopAcO
322,6WgpNDZeOKYbHQS4b1ciPA
322,32YeC9EJJUArzqjcryCk6C
323,3sF9v2qDFDGTyYismssCFI
323,7DS7jhBb3uvfWLPb8mcdX7
326,6w6SW8zyEcyxwSR7Wya45a
326,6vSFlDhoPPAvaEBcUUBCWd
326,7uU8ZVUS4UmnbNWBWwFrU0
326,3QbJgfoOeYqkJ7PKaXMGZw
330,1sxvljGtBXT2H9dLcCAojA
331,4qZPdHRnZ7jwqg4peT2n9A
331,02HUcZIF7Z2RqSvAxdRPqi
331,6xG9RS4V07EDjl4RLKwejk
331,0M8ZoYAmViPTp0dX0J9E52
331,7wJU5a6NRtlr6A05FYj9xP
331,3b7wy6MWjK85HGTPDwulSv
332,6LDmNRL04GXu2yWxkSpu2o
332,631yZdSSqtiHh8TtZVisfG
333,5l6tv2lFylSdCgkWyfHC0P
333,363t9y4aYAZiDZiCfi5mql
333,6XvdW9WEVbODLu5Pf9DxLK
333,4eSYh3Pa6URYjWSzSvJM8j
333,0UBmxdxYnWT5jrlesFHPeh
333,0upPr5XXqo6sxWw95Oopoh
333,0ZimH7FFCw6DQB9iWAVL6q
334,24jvD83UgLmrdGjhWTFslY
334,1GNIYBU1XhMSlAxJXiUBbC
334,5by7gtiDrxe4n2qQQunL8S
334,4KmtER3ibPlEHMw2CtU6Ba
334,5FtPuqpCjMjkQ6hTg5rkhZ
334,5XcHGTbys5DFUA35CmgcGw
334,1mQ0Qyj147Pmd6jyVvWoMV
334,74AyVnSemwIaGnpuJVnh1l
334,5hHXit1AHUTTS7fpJhNMdr
334,3SSdi65qoBl2FdsBWtccre
335,3RLC8jJmDOZwrJ5izaISXr
335,3Yr4gXagnFlMVGpMWAkOPa
335,0Xm1uwAeW0ujb1AWRgZOdT
335,2rdhQcyEtEBF8MBpwGjJQj
335,1vbUKeUUHpeDNCf9pG3JqT
335,2mi8VF9tjb5HddlXl5JLe0
335,1uztQGMDYpx22gdfKGp6Lj
337,6Zkl0z6XpRKOASu1KkvS0l
337,3qjF2EzZ7Kx0VD1AooRFjy
337,1nkIo1CTEE4YkDWD40JxCF
337,1JTXCcBBlHPyjA3Dv7Ynya
337,2NRyNU5GEf7jetRpmhyAlm
338,6mEDMe0zG5pYrsRxizjauk
338,7Cv4lZTECPqzAaZjy3n56i
338,26IYlihbXagduz4050Ai2G
339,20PQO1i4RZXe7jNIbwaXys
339,1bwDHUfgKrxqLBFr5ixqJB
339,0u3rkZ1Z5f1JIPHlLUX2Mi
339,70eU12aYCgfGstsY3UFjVP
339,3MTuVVPWs1pL2cag0XWeRL
339,1CqSdfwHTkmI5WAB4hHVDv
339,4ctPVblYWutSgQ26bU9lXj
339,1tJql8dy29k2Wa1QAeDwja
339,4VSW8R0n9oXx5gVjachhjc
340,7n37dToRMRqUhdOnh9sEhB
341,0n4bITAu0Y0nigrz3MFJMb
341,5PUvinSo4MNqW7vmomGRS7
341,5zDQlhcJ5KOoXeSMGwiuJY
341,6Yqwz5ZgwWDE4znrcDwJWO
341,5lA1fhy1gsIBqOOWTRFvjQ
341,6SB2sufUkTTb3Ovjw6TELT
341,1jdY24jJZWYVhLTQSVWQ8z
341,1VpeYLZwCsPpR5yVjE41c9
341,4koHu11ONzs3lSb4q54rsj
341,7dZ1wGmF44ga4fMiS1iyBR
341,4bI16cKs0LBjpGVltaJrEO
341,586utOiRsVlUZq9SCBMwXm
341,2zTGOcGeLiUpMqVi8APyPf
341,2f9DpjflBSrq7wonOigoJC
341,3WW5uU5C5ytrZs1ekvcEyB
341,4rskmzp8zXh3lbCMFI5KGZ
341,7pMzvMdGP9ovNDVhglGqxF
341,1DdYlujfj7sUd6HxJF1Pa0
341,0g4VCRlnKJA7HqyyFSofyl
341,0ZN4YtnBxcKPMgmZlcpDHI
342,6xPkf69rcfWM0Jfll6V3uo
342,15LwthWbL7fqsDUlcA1CFz
342,4ieIRutTIlwjsiBcOYsPaB
343,2ZOti5lbKK7yAolIwWT6Pf
343,5iwYUCBpXLlpJLHmZwSysy
343,2tEdBwBiTJqunpvRvuZEkk
343,7GuAxz9Q60xdLS8RtdRCrh
343,7f3B2KEuw8UXyf7iqFBhIM
344,3vIlnG9R3WboUOC1Obs7SY
344,0qiRVLrpC8qkuyRXnQO8Le
346,0KM6AKdy0UPr7U4s7nPuwc
346,6yp6j243HdqpQzESEtKjSo
346,370iklsfPYa7zx4c9wiTck
347,4Y7wuhUpcRXXzx8h47RQwQ
347,55cp7vuMpkkvpcMAGhaeMN
347,10bNxfaewZJxIghhwP6GPh
347,2aFmEh2yRBj9JUjrEbfKPO
347,2iWlJd48t4wXH6KRLo08vi
348,1AtnxUR7yOlRsfjzF2kpuv
349,3JsA2sWDNR9oQogGAzqqtH
349,524OBVUIIuxtTMuOWYDb4V
351,35yZkNFNVosiHE6Uj0COVM
351,0WQwYqmh9gJD3WtlPa6tQO
351,3sF9kyiDBJvLJqo2fTEzgP
351,16a1mw4MihE1mBg0T2BKYb
351,4sMalfxDfJOTb2B3FZrSNA
351,761WQcjijvW7tiizMEPcZg
353,4yvKqltUO2ogccevjmT5Yc
353,1slGjcxBJEfM8ehEsLvWF0
353,5S8XHyK4CUT42xBtFrLtc1
353,0qhIlKdtSF0uVDhLzHiSsJ
354,71cUqXJ3h1r0Ees6YdENLU
354,7z5ai4q5uGrdEBzjHskPql
354,4tzOO4Bhu6rHlmqSsquXDJ
355,4ZLkFtuDGGbPP4XEsx593Y
355,1y4ws5TEhMYSc8Yg7YZNyg
356,2IWtloZYQDcP8Ashwx8QEF
357,5imUTBF35uIoABlV9g9da2
357,73FCPll1CK0sklAt1VlmFc
357,5pPMZNOqB4aJ5XKXaS7v63
357,7EClrhvMSIq3yuHHphCkst
358,5Qu2YohvDitrFUkUBV4jyk
358,7F026j85gz3w7z4bkbsWXv
358,2vR7pgYJARdM2Z87NGMj5F
359,7DdXf9x75iEVCHWfoRwRuR
359,0Na10nHw7B30hmjkxNK9WB
359,4S1rRmc82hWL9C5VBtxMKA
359,7or8ysyNfJIDsr0vC7aqpQ
359,3v9fhN8ttoeH9AvpCi3IVM
361,3OeQl1CTURzhwzd5R4KWrf
361,34s4KcDteJxQRRk2V977KK
361,4bU724iUk0RVaEdz6jreVX
361,0djrmsopfTrTxWP9bXWr1N
362,5yc59J3MR3tVDPTOgwgRI5
363,77vYwoC7e3pVoPq8BA9CuL
363,18NiQTTgXClfhnYMPKUJZT
364,70wYA8oYHoMzhRRkARoMhU
364,6aKWBLAFHXHUjsJJri2ota
364,6HOcAwQAAKaj1GHntfmSoI
364,17Vji9MVpio9a4h64fTIyW
364,6WaHSaySyQZILeykas1QTb
365,0kYUrLVQOfx21xuXu7OGrT
365,4yyMjJrrjaDRXyIoM4JbbC
365,3L9oDTOShz48N7zleVglQS
366,1Fxp4LBWsNC58NwnGAXJld
366,2vV2nnDwnADejbYTY6WcqG
367,72Htalpn6n4NDZx4OgQmlq
368,6t0lUQqLtQdFBxzddVas4d
369,3tCwjWLicbjsMCvXhN0WOE
369,6RtPijgfPKROxEzTHNRiDp
369,7IQ7Tk8D6fFAgl6aL7u5ia
369,6rmtT7Y8cH7NpvovoPiV6k
369,0Okc5rFMhwPDS9iLwYWw4I
369,0U5GtF1CNpqVQsmu9CMTgC
369,49QBS7hO6ACIifteALLGaq
369,0R5dx83ZLdonrKD3Dh06t8
369,6UwR0p9pimJ72QhYGXHa3p
370,42UaTVeWaNaME7ttu61ykG
370,0iBGgTRtJU8XEjdRL8ZFQi
370,6XmKFFwxfZLMc0qHxzUJpw
370,6fTsU7cgK7wzcHxw1QwJLz
370,6RknqMdquQhqvMtN2dopMv
370,42TrdbXsmLybxUGJczYbrJ
370,5npbHuMMnwtLvRPbJw7J0s
370,0pSoWKkENrfHURYB1BXdQd
370,2UaYP4c3r4BbtP9z2ebVHB
370,54BflzAKgdRF6pY9dRRROz
370,3IjiJ1fe4uaowluiqnjiKu
370,0lXz2fuzK8s4csGuRrPKpV
370,1SsgsdyKDTQIK1OPXKsmTW
370,0WMEPIvt1idlGYInmbLnpO
370,7q3og3hqkvaSxnpEZYagut
370,5uYGcz7ZGbLgvQwg83JR2x
370,5w0zIM1uGRsgzYL2MvyYL6
370,1bgX8EkEsPJQg77gNNKz6R
370,50oqW4Ooa5IU6vLNibFXSG
370,1WN2Xc1dleCxuQXDrG0OFm
372,3yBuFPKjJuDCZGK86qXwgo
372,7CsfGuUHpvdB9lEnUUZNqf
372,1DcOdj5MBU1O2Duy9XGR8T
373,70H1jzRQGqgJ0frP4HTiiF
373,1NzN3b7Dd9BDfRPGxcY0cj
374,67G84ZLTSoiRLmojkuBLzw
374,2aCGgVWMeG7CxZ4jbMpJFL
378,1W27eEt4EdjmEsuiSaUeVn
379,0LcVvD1iPjqkfVdWd7ClfA
379,2aLWh1Z423QdOuR9NP1Fi0
379,3oZaiB8wEe2vXtFNadQuQ9
380,3wQaW4rEZe7AaDrlrX4eDy
380,4Yktk6ebcIPLXDnMwx6Gbr
380,4Zp5tvIhkwhIfxl7qGwH5d
381,1akgiRM3mN2nxu2AX6ACCW
381,2UUpYbR9VmqAiD7p1542oV
383,7JN9mnz4OPVivc9AF0FLAJ
385,5wL742yBgvtbw1IibA3FMJ
385,2gDn5QtHuUrN4qykGcyEXk
385,6rUc6rn9Oal8kdOBMQiKk8
385,01jeQylcvKzeZ2VWt6pbo5
385,6XcPet5J8SDMqqlysTMLNO
385,4DRO52S6cbszy4x5mUMVOJ
386,1kn0qoZsAYz2IEOSmWGrvX
386,4liOMwBMU38sPiCagcdpZZ
386,6KWFveqg63E0jh18te2hmW
387,7gDwRzJhLs0fFHaGtMDJVM
387,1NIAqJqdTcONyjBI7zYorM
388,16qYlQ6koFxYVbiJbGHblz
388,1O02UzJKK7njDp3lQqLhUm
388,3LE6V9PUGEonrawUUMlFb1
390,07oiSjg6TiehyOS3pRJo0l
390,5MGeW5mHnqeJiM0NPBbkEZ
390,3x7hHbwXyCUObufPDmMuUz
390,40OGjP3Q2jcV1JfEKDuOQM
391,5M9jOReAKGZ2AttVefFjTY
392,4iZPNYqzI2L0uwuUKun7Aa
392,0JcrmfXJsl9Ow9PCon265s
392,1a6d3j3lDbmTvhczhiBHX3
392,1I8tWeaWcjcnxTcZmt62Bd
392,1qf3DA2eEa6ONeV2G208sC
393,78V3IWdq5QGnmZrI70qE5k
393,0MtMx5gt6kM2W7tD26Jp5H
393,1I9SiuuSpTsBSgnnr9wBn4
395,0FfGKGBEHdgN5nNHADbbBz
395,4vAGjGq1WE0dzVmDHDHik9
395,6P9XogY8IET4sYkidy2I47
395,6MY2zqeAMHx54kfVPPnApW
395,7KhMLC7bQUX9KARGn1Abzn
395,7idF8l4xHmPhgrigIq00lP
395,3V2yw2XIrnuIWJ0RknqTvN
395,0TEsz18lK9lykXTeTbMnJL
397,6WH7cbhqVMFBnUTUl580WM
397,4S03b6hMqdkMPev11wcB4l
398,5mpLcXEsk3jjzLFGuNKk5I
398,3u8nqkQ1cMJYotuctIKI8f
398,7uZn96UmxpT03H9kRfQTnU
398,07yKQCRBUdUTSv6y3mbZ1e
399,3V0W5CfNDMiTKg93wuLFxJ
399,6a5iaIiuIl0UEk2s6GtVFK
399,4ZAOTRpT8PKmnpfECUtKHI
399,2ZTdOAD3MSXZ6QSDfUY31v
400,4MatjVmXUxuBf7WeInnRBG
400,5ZvS10O2uqJFns57o3M8or
400,2BwiT3q0Z5fUZXUZ1MULHO
400,1UtxfFbBjb2InCLwvKVvPc
400,6ANX5HQNK39DuYUYji3qPC
400,0j5Mc5KgOKtuyb9Lr7kWLZ
400,4D7nRxzaikfgDSHzwLCiDS
400,2Vwlj8OgVBAGQI4TBjIUNW
400,0KgW5Emm4LauP9YASHcafc
402,28C4nmrd7BTu0XbOmaTHZr
402,6Eo4DiuNu65PPVGhgcCMuo
403,2sNvitW3TxiTeC9xT9f2ZZ
403,4gek9UL5WceAq1qiZlhmGM
403,0VtveFFXeALPfuaEXfJXbM
404,3xEqegrcyQtfhWeEMnDyCG
404,2V3Br2pgVInvUk0XOoPvfF
405,4ia0bq2D0F5zR4gpA92vfN
405,2gTSXmvqqK62Ln6dj40tAb
405,0ZYMrD4uT7r0fq2WOgBA4w
406,1D7PmWoTDJuDBIEjb225lv
406,5xWDO2NxAsG9eHi4Aue9Y8
406,10pgT9Ele9KJeqWg6nzzG4
406,2rrPQMdDbRZyMtQooLaIKO
406,5Y0hABTERQPT8DNxetIwD5
406,4B75oUperMn4Z97xT603XZ
411,7603o589huckPbiELnUKgu
412,0odHj0qIf86vHBsXB30IkZ
412,6UUOkhXDWTqVYjzqNJ1F0x
412,2UbuhVd4Viekd7fNoDVcOt
412,4ODXsBEza9IFYooEFGi2Xh
412,1TmL15XGKvjKGN9jbTS8R5
414,7IQPUkZn2R7rsl7ObeXoXd
414,3qzTTbxFdrLqveP8JL9FMr
414,1UBF9xXg4ay3aSxQYI3Sqw
415,4o0NjemqhmsYLIMwlcosvW
415,39npZ2mx3dWuNdGRg9PBm0
415,1jKvrkkZxtQ7ZDiXdITOis
415,55lmYbSRU1mDDKSYSIIDmI
415,4VVkSp6M7dkleP6tyXP6J5
415,48impWUOVg9L3lmBllBs2L
415,628ge5ZbfYZTiyF3A5gExt
415,10W6QExVmXIN9RViopJO1V
416,5MYfpFJYm8WNFGssR6H2Oz
416,3LeNQIGi0zwmQm8WShZB95
416,2eoVXXCe2Uryug9QiXH0RI
416,3v7J1XFrp5grIzo1lky7p6
417,4EwNG7uCvLEm5a6KgerCHf
417,4ZoP9qWd50v7D5dRQUnKrM
417,7b6MPnLo2fpTla0WHQAseV
417,1B5KN9mubQY65Xad38J4oI
417,2ItfVUb9X1S3GozPBc4GQr
417,7bDj2CjYqh9RtK52sgII88
417,6zuuSMCIbiWHolFpdQ6ADX
417,3eIWleAzD0FccYvwUmzeUx
417,5GnH29DTTx0N1ax7KNa3G9
417,7zSWcflgoAR83ryd5VmZfp
418,487OPlneJNni3NWC8SYqhW
418,24jvD83UgLmrdGjhWTFslY
418,2dBwB667LHQkLhdYlwLUZK
418,2lFTzUnuGaWlWHJQokjRyb
418,2Y115i0IhELJhyyftvoSFt
418,5IyblF777jLZj1vGHG2UD3
418,1M0g1beKC4H9gbrOiSayHW
418,4PMdq7Q7xOFrY424ZelZEb
418,3l2S2RkGG4lbh7WqmCV3NB
418,1TogTbSn3xkbapb6OUxRvq
418,4O9dZs2B0ilk4PEfX2bPEv
418,6QOU3FhUkPeA2RtaXcvgi7
418,7wfCiX59FY09gsKKFhYfxp
418,7cpHPzPgqKor6gv6nTkJ4R
418,2wiXEarKt55K8aW8elRqDW
418,6LrNqp69g8ngQ0Oem7DGWK
418,4lXHVnmDO5u62tGJIpTafd
418,2E8b9rCHCWNr0CrZSTVJCT
418,6rsXPxIVXPo4bPhZA5vLUX
418,696cNqpF2NwRLzC7KqCurz
419,5ntMi72LCYmpGFiEbsrE48
419,1j7BtipRyMUzpDB0y7c4QK
419,4FqfG6WnkXEMc6ZZ58lJWb
419,4COOqL5PCPvl5P28r1Yhed
419,6MmulsXNeqnMmnRioguCN4
419,1Zk0CDEkALkL9TuM6rfDPq
419,6l3rJg08c2xukjbS9Qy7bm
420,3DERgYjztCL6oME2fvRl6z
420,0vyEh8wr4BZ13M9KBy52st
420,2gDiHejCc0m4xvlBgOgZUX
420,1rlsbp5E3hVxu2VYxSK2WY
422,5PGoLwz2aJATLUEbCLtkv4
422,7qDeafHiegLRnqFDGNRxlR
422,35kH32cwUjB9VSYN6JCtq2
422,50kNPCQYyJpzRNBDr6ohVn
422,1fgs9DWEgUfpwFJhwMCTeK
422,4mzRKXD426DtSp6Rs8rWCV
422,1k2cfJEWq8ZBYl6DWpDDr2
422,2HPQYTFw49P2k48V0g74OH
422,30wQ2fXtgoB2dvxAk55nbo
422,7ie2OfGVDwzHicX9EDj0SO
422,7euzHYrxuhu3L1QTGwAVUl
422,47aUXObK0a7OM8nUSq38FC
422,3jDbaivc9oH6HVTyi8yiBI
422,4LUj1eGzwp0IsLNxsgRxCi
422,0TcStoexCWJcOMg9CszdDI
422,3Ggi4KmVPlo7R56TokpQYQ
422,6sbulsLOCFGhLSHpuHhwUI
422,35GwWsIYuGYfhk0WXSjuUu
422,6m71LIHRwtIkcEmCdIOZr7
422,0pGeBkZJZoGm8jfyfPl8um
423,47A4a2ZxJaZz5nBME2HtXs
423,57t22JXPf4lhJEEFtphjym
427,1mNKyr5vsXi6hDsqgGk1kd
432,49FYlytm3dAAraYgpoJZux
432,2b15tXMkdnrTVmTxktq7Tq
432,0akeTLXxLSGzmKd0nWvAPE
432,20qhQYrojqCKfMJx6Cjof8
432,5oWg1pM72PUl0ytKEot3LP
432,6DG7Ypzv7sR30tj3GRy8uA
432,2HBGHyvREIUZvJJM6VgyGI
432,0FCnbEQw3o7awVpnWNgrA1
433,2WMRd3xAb9FwXopCRNWDq1
433,0WHxt7NjSS6FvajiQTURJQ
433,65jAG0pqo7HI7OZCKejN4K
433,4jwLLnIPB8EXQpB0fABbVO
433,2lVR2Gv9RMYfcDau8OfrCm
435,1SF3EKkJXGhcUhwciur2vs
435,6YmWabTSl1iO8QNkHBsn54
438,0ecsmeAZzwOKIwceh23HoE
439,6QL8FAYTbw1IFGRQb6SWud
439,5jRDHEemZKcEWSfZDjmAjq
439,4d7DplMK96uZEstNV7dgN5
439,1gODOwIogXz5a5ae7I2Enp
440,6iIaN6fxRYfqcWrqJlobb6
440,4F2uLCTsyItky2t3hGXNRY
440,0DRYSzaLvdoArDvJTkCl0B
440,77jlFueUTD5NzOCGrclaO4
440,2ujpXJtEVibJTFBLmJJ3pQ
440,0XEpeE8nri0VQM5SETLZd7
440,0Zfskc0EQBnzAJlfP0ixwm
440,7ecoTQxXLjXXc8vIapUwGf
440,6BAHwu2eeDUaYQR1C9zhHs
440,1yFV3nUMpUIvOFvJB860AR
440,6JM6qfphC9ui7RhC7Anvvy
440,73NSWAR8xbM0qsIO68lhGJ
440,5ZLg6Kg92VzGXyBh8knfcg
440,5xzCJeM1ovqKmN9ZaXCBBR
440,38S0Pgm4ay2a3RhpYH7V0A
440,1hXSStPtnjOFGvHTZoeGnb
440,7K6Tvfvxnl9DPMdFVqCuxV
441,2tYyyvbRngq9Z6LTTFko6Y
441,1RmoRgYZ8USQxTQrJvFudb
441,5TFgsBZaw5WpbtRDNv2LEe
441,5kQ8uUDGLh3t0e9m6IqvZL
441,60fppR4OwJZ9sGbOCMjL2j
441,4KRaVzBBLPoRQ8cOJ0VKs9
441,31W22pRihxk3gZLoRnQqes
441,5EDlHKKhCyfa1W5QdsiTaE
441,0xirwRgTdrjdYKagOHnucZ
441,1EAGizn6oIbNbr8OxJhud1
441,5CuwmOovcSo5IPu4CetiST
442,6rZG4b7DocC5rO43Lv8zWi
442,3KfT22UTvoN3Cpg6dujW2F
442,0lL1Kvqk9nR0fdDfKJQFhc
442,52tbWYV7ekkvy9ksA5550g
443,6MeNtkNT4ENE5yohNvGqd4
443,5WVnnqyItR1o7PqAl7QEhG
444,1HD2FECukbh9xY4IOq8qRE
444,5PUbfc8fJpNBM4MpB6HuTW
445,2m6lLH5le0TuqGLuMeRzNS
446,7tCs7rPJcveXTAAAG9lPgu
446,2TLTRwooWSXxoTRrfxSYdK
446,1n5UGWU25midER2qHsRqec
446,3thvUPAXqNwJytWeqsH9bf
446,4K1GmxIlyV6I1VTTfYXvAv
446,5L3wImVl6RJ8XjmpbOchAB
446,243aScFflUGg5r1lb4Yz9q
446,70o3yGJBSspE1bNJPjrxzo
448,0z8V4VZdbsENAbhcg638cu
448,3E5yABqXhKjgNaMHEYjAyQ
448,7GOw6Ptj0NvZNreVArXCt8
449,3e3ev8fQxjVvY4hJxSGEHw
449,0EBMyND2B1nwT6SNvVEa2F
449,65J2DSPZkos5NNwUMo6jCX
450,1gk3FhAV07q9Jg77UxnVjX
450,6xU0ojuUR3dAhbnrJPQr1I
450,5Ut5dDKfBUCMsWQbc3Lgyi
450,4Bkdb7cuuTrgiM4ddtm2or
450,68ClfNyV71AjdTfGIyu4Gx
450,4Q5pWw7uhQecE3lCdbuziA
450,4vQsywFuHBgwiCFe4Fg4iV
450,3D2GeOBsRkDytQaeLcYAKj
450,0lAPjXLZG9ZDXdgcF7mUCl
450,5w9L1t0KDLYZnFAInN2T1K
450,1inoGtyWqkHBIjnuqjrbHs
451,5uqphUYsR45kPYplrYSAQh
451,3F9oxHGHxFCWpVk9T2AxOS
451,2q8jVU4Gs7nL3fhyc79TIJ
451,3fzhMHFVQvC1YPzsy1OrD6
454,3aVyHFxRkf8lSjhWdJ68AW
454,7Ag7dMaWTAYGkaAPghEtyw
456,1Ysc1uDZtf430TGavoS1j4
460,3fnUvzulzK4SZGl5o1hgqx
460,7qmc9aGD1WuX9tnGJX5dC4
473,0SK4fqdbiI4BZJl5ALEXzc
473,2Gv6HXWqMEnZHhL1RuuLXv
473,0HCApZyMdHSHb718AHxPBU
475,3hBK6nZq22px2RjGqDqt4E
476,1klDxguZO5yyksZzmdCDK7
476,0PSdCpSNz2Q98Wzz7on5dX
477,5Yg59jEVYkBUjiPdhdT7qi
477,6L5ohU03gNp21gabyM4sYI
477,21vIMinj630PKsFcNZjSuo
477,3M3Ga6h8yIJXxJrtJiKaA2
477,0vLMbVF5HYSBLz9sUw9ywa
478,2uEh5XFuY7BFQ8tf6QlqyC
478,1LnMGD1XuiXGfMdID6PKGr
478,6fbc9wpk5KrutAYopi39dF
480,6NWMRIWdAHGS0sK8l9hdas
481,0tRT5jn0PLz4CChWvybvgM
484,5jNrszQHRIVKmS9Ptb63pe
484,6dfJBFmSX9dRN6FhEtaJd2
484,6h0gJb9QFvtfE6CoRnYlSy
486,50Xmql4GYytPdOevxeF3su
486,2xZ7H8FqQOVJqlnQvA4bNb
487,4g8K5ReCrYEroV3Eqa0wNf
488,6ux6ijGE1e76xk7brtLtEV
489,3oKh7iUyaqESCZ6yz3oHWb
491,13cxxzt0gFScMtkACBV4cO
494,6kgc2yup9oyZJg7CzEw4ao
495,6K4t31amVTZDgR3sKmwUJJ
496,2O99aywAVBhaPrsiJ6zbSS
496,7yWZpc3AnfHyY63bsTJmrv
497,2X485T9Z5Ly0xyaghN73ed
497,0lVMLkNL4xzUrFEkemKI5k
498,4m3GHOgCNZMv0we7H9j8Y8
498,4FW0i0T05TUyTMu654UHWD
499,4aetgBuI5iRQpjy8gdGxY8
499,6b1qAxCsMnOafhpDyiNpMJ
499,3vUiFY9t411zPPeMVU9RZK
500,0fsuyQqz1nuYtfosExYeeY
500,0Ez4Vd9woXEJ9Bp2BQGHCc
500,45qQAxI3oGi4yTPH06Sx1M
500,0hSPR27scKTyuvrPhyLrfG
500,52Yr4Gb1NGkDwEQPC5Cymj
500,513f9AAWE8jFlddJxoqK51
501,6MDLO5bi8mGexqSwF9KmpH
502,4p3jL7SFn8YDXmMPeEs4W2
502,7wZYhBidSz42p0rROlGp2a
502,3i90Accay2gbppUS9fQqPR
502,5GvE344IioyT2gutLWBNMc
503,7c7ZiBHfWGloULZD03BfCR
503,1bfdGINe1n5QR7JtWtsDwT
503,5ykRMpfuW8hDTzbSZ3LMxd
503,5X8Q1jnqELwDctiieNXpt6
505,0QuEMOBRadxTDOjQn0NU1Q
506,1LeItUMezKA1HdCHxYICed
506,1gNj8JoisgQZQmrcpfx9E5
506,5tWMjGYFhWW38gIlyxgste
506,3Tj26XU4Aq6n7tlmIs0ju1
506,2IDHoSlbG0CKH9rhq68wTb
506,3r9lxV4oe3XW9p5eO60VQy
506,6kSoZBTDLlyukdWgLM0TUZ
506,32zr9gHyWhgm2Dn5bg0Bpw
506,4lrxTE7gWthChksZObehwm
506,7a3SBek0DeekEjn43D1dDT
506,52TgpI0bmo7CdjLks9gshA
506,0NWLP7OQFGgu5hSu5DCCZo
506,5DnuQTyZpSAqpvhuLAXy4M
506,4QukcsPvluqd97561o1ACT
506,2tzGyB2BJ3WSWGEVFSKRqD
506,4Az3ks4jaGw7MtkWWSIPZh
506,4YLZs7hsWY6TP79bjlf5pZ
506,3ixQD7MIWqYy0I65EM8KdY
506,6VObM5o7rf0EDPJFB5lKru
506,40jERMDDDsj7w7XrBJX7LJ
507,2t2f8SRVqZ7inLKs3Tvg2p
508,32XguVXAL8XdpVuEygw0nM
509,5PYTllcMgjMy5lIgxP4kfd
510,1x5MjCffpcdHLf65eR9r3T
511,4R2pq0VVrejm4uXM8U8bvP
512,6J6FXmYrMxg93mBxkugUlI
512,3SCRNG1UdHZVo5ZXeBegDV
512,7iTamogzp4orToFXs7ZW8g
513,3huV7eiNpaQlCB3LbZi9bB
513,4ZmM2PZKfhmbzeMNrkvmKw
513,55lGwyudHuSKomvyJ23DQj
513,0ZYxPJ6b5zqnziZnY9jMvI
514,26WNKAgxNfg1MkhpBrx8UV
515,25khomWgBVamSdKw7hzm3l
515,7iTloMifzZo9ZNZKEe4V2V
515,7fBv7CLKzipRk6EC6TWHOB
515,42bUsj5M2olT2wRMRaro9g
515,6SNUuxeg0NWXSEkFirAkAM
515,5B1i8rVBJLfeI2ThsTfJnD
515,4S73p2PcSonb5wbXIcanqv
516,6RsWqX8zABZLhZydXxEFOm
516,22SXyL6pUjwIvGWvgGjLov
516,22VdIZQfgXJea34mQxlt81
516,7J8QP8SvEoXC09R9xf7SKt
516,72uvlsN0SEJORhErc54z9J
517,2XPc8gL9PwxGURQFcFaDJR
517,023OVLNzXhX0j7CxswUt6D
517,1u2hPlWD5rlCzDa0X6zHaf
517,1GjEZraby4E4hevkpItlok
517,2Pc6PwPhcIThcK34ElYJri
517,5Fi2i8rkanqEbsbfKgSm61
517,5YMjhK9jw0tRsxRNjxQGF5
517,1na4IEqrDSjrWbKxIKaGSo
517,3F54TAXWrYALVTCjc63XGn
517,6mTJgh8gEP7AWDg3YtW30l
517,3z13tLCvXmuMlisPzkTQym
517,2Ro8C3BkpTqvgjW5tZqCqr
518,2PIvq1pGrUjY007X5y1UpM
518,4frLb7nWtsz2ymBE6k2GRP
518,28SGSSREhZ2Jv9QmaLRsam
518,13LPQrcGUpv72CPJ9w0agp
519,6VwBbL8CzPiC4QV66ay7oR
519,5OVYR3bs1pnmQ5wMWUQnZZ
520,46X8c9qJzpBLYcos3OX0CE
520,5zggls08Fw43MEb2r9kSUW
522,28YLWwEB6xnJQYN7e062rH
522,1mhVXWduD8ReDwusfaHNwU
522,5qR4i8K9UCQjYwxzZNLIGj
522,5I82F6p2q63gvigUtsxli0
523,29fTi7Tdh9CiU8HuVDaqVY
523,73YDy9nozZlYRCKzinbl4x
524,3kgqHVqfiabABjaFi9Tnhn
524,4nYZsbdPt2nozYtWtsV9LM
525,7fPHfBCyKE3aVCBjE4DAvl
525,25KybV9BOUlvcnv7nN3Pyo
525,1wF30vTnSmOqPMM3ZJxhcF
525,3MaQvpdNb4Vv7J7K9jYw1t
527,6GnhWMhgJb7uyiiPEiEkDA
527,3YLz6OYDAB172aolbitXeD
531,0AdB5ZqujmO66QMtmWpntA
532,2192ZFyGpvL1XCAhR44634
532,4Oge8zk1CDWHQ6Rl3GCPuA
534,1TSxLktSlIdEsjTGWB4Fub
534,3sgQqearnvzGKqXLgA49ff
534,6chMzZ2Z65JCvddjE6UaQy
534,6oSUPXy9mecemxpzrwhLaC
534,6onDP5pnrrmbtju7VTNz55
534,05N65fIgyurtY91g0dDJDh
534,2JtFlXUZCGOM3OPI8oROqZ
534,2hgE7lpEANmVBrSvnyzKMG
535,39vo2b8Kp9NdvyCKionm8U
535,6GAKSwEDt4y77MwPudwXkM
535,4p4cH6eGdvOudqUzNLa9ap
536,6nmz4imkDcmtwMjocAzFSx
539,4wFzDwH40XrQL067ETa9wy
540,3aIhJDHxr1kgTSnutJxPTH
540,2tHGeYZUVchNBSkSNOuAjY
540,0GydI8GWtkyKb8jtvqy3fz
540,1LBpEjMwI9jtE684aIhl37
540,6FXEeZmjwgd221W4Tw5n0C
540,6B2jCsxTgUC6rURVq9MrX3
540,7fWOSPyeGuMU4QTcMX42ob
546,46rZgRYU1H5Xnv0n75OGis
546,6UlvONcL4jXM0pC0CPA48S
546,2UnjLIBORWFqHmYrmzttg8
546,1hJxUS3EGjhMBhVUGXuZeg
546,5fYGXGauh8eC1BK7TwM7e0
546,3g4FTVItjwKfjbSmEysC58
546,18BMUzZk6O18TUXYBw9Ani
546,3iZpg5jjkmLN07Uwb4BwSL
546,64Ioh4m5Lop9PsB9Yc6T5i
547,2U5rN7uL5771qyOwErJCY8
547,0fsY8oeAN8VyT4dJB5Vp0E
547,4qvn4GKYZ0vE4xvgkskZNB
547,1C5iUcaqdly4eCbFRcHqHN
547,7zg3bGUY6UUejNuAReBSHO
547,41poJ6QP8tsCLEpwYOa42g
548,6Nt2Su1bBdVcmxSDQO9peo
548,59xxdNTEs1Nqh6qlygc4zT
548,6hGNxPuAKTVIRaFCs0MMql
549,6Nt2Su1bBdVcmxSDQO9peo
549,59xxdNTEs1Nqh6qlygc4zT
549,6hGNxPuAKTVIRaFCs0MMql
550,76I1mEj3vKHgwwO43MdNpI
551,6r74qgdtbNK5OHnq66jKh6
551,5Y5ST3rKFrz3872fZz7gIR
552,15VMz8jeItwVISdK3JiS4m
553,3ps2drTqdO29miQG4s6kMV
555,5O2Yjlcs5pSpHq1gcA0cwg
555,0X7y06KlsqnRXI0da0DWc9
555,6t2nszpENw3710l4Jvb5RI
555,02HEVzkgBW6lss1k8CeWA8
555,2cghLJXPFqwyTvkpXr4ppD
555,0gqyWJg2OPBDUB55mp2cGj
556,5O2Yjlcs5pSpHq1gcA0cwg
556,0X7y06KlsqnRXI0da0DWc9
556,6t2nszpENw3710l4Jvb5RI
556,02HEVzkgBW6lss1k8CeWA8
556,2cghLJXPFqwyTvkpXr4ppD
556,0gqyWJg2OPBDUB55mp2cGj
557,6y0igZArWVi6Iz0rj35c1Y
557,5iIJHqgQrR2gXkf842TIiq
557,2WXPam4ova8InEevwPqeYZ
557,6zHSljpcAC55lrIqjsS3TL
557,6YwcLeEJdbpKmPGaUVHext
557,0hwLHzHsAFPLSZScUJb91r
557,02VgoAfKngeRkLAFHXmGiW
558,013amIZ8QjBqviUEM2yNJZ
558,09u9FolfYHIpbGmsIMJWm3
558,7hKwfaCkCKv2R1jFEQya11
559,4vS8VaBwJJV5Ry7UFIQuoo
559,3tEfQKtcByFrSSiTzgaRZ3
559,0tiLDOYgY2n3qLFvq7c1QZ
559,0oGcTjTUvfYkujCCbCaWla
559,1kI11NjmGwJgRjDfOLoDwO
559,2TSQtsq57uFLd1rM94FsKX
559,2CTDdWehGuQyfaQ3m3VD5g
559,5wJVNecFJgojWX0PBqGtqk
559,12dquiTTCWo9sMOhZb71z9
559,5ZSalk58AyQ1VvcsUgKDjP
560,5v8umLXzP5j4BDqDxqEyTp
560,2xzW6Qyr4k4Hnf1UtyPfyp
561,5QTYcAzj8gwSBDhin7P8X0
561,778Uew4gKBEVpbhziFiJ30
561,1j7ALfRxRod8crq9td40bC
562,6TaqooOXAEcijL6G1AWS2K
562,3gr6q0Q8R1EjeXRAQYmX9l
562,6Xi897JXNLSoIaoYZwgTLc
562,1szfOuGK4RWHrsHdiMimym
562,6XInw1uowvKHrJZaiFd8sY
562,5pzDETUzk3JgHPrc4LxSWd
562,2X1v0cUbDZXzi21L0yAH79
562,7lQPebfYdc97DMfQxp4BiA
562,5OYfA2ZVUabLca67F7Vtr3
562,2q7kYnQgPNJ9MxRTgj88mx
562,1t7HECmrXbVgyUcfqIjzby
562,6rdPZv1NSLXIOUmzQJalOZ
562,7G9dixpZSdHa3VugcQs6Vh
562,4oHa4TEN49GDDQL05NIW4X
563,53Y0kdCa1CZ9gRqEuknfwy
563,440LuUlgdK3j9Uj8Q9L3Yj
563,1dM6FsF16SIoV7VdCE2r38
563,0r6iZcXXArGoYx580z8wxr
563,6z7HKLe33Nxca2w3WmXBoK
563,3b4eSYwYviyzCgKldJQ8RD
563,4jJDLe0f7VckXqJgfhApA1
563,1u4s5X0XaMCyJ1aU8AeP3R
563,51frTvITssOkXvJM7iwn26
563,3Zh3OaL2VBQEq2rPHXs3Kj
563,1lZ0tMLKYKpRlj83OXIPXF
563,4ZNMi6ilssjpo8q8cKdMP8
563,5s2Mz7KxwFR6sUjvAFXoMW
563,2ViVrUNezsBRVnOyuPUvAG
563,6ZmKxLKTDMRkZaAGurpSI7
563,0c6DmfwLYzO9ffTS6naWIs
564,7K69gzcjWScj9BIc2CC612
564,0Hg9Mh7CMd5zWMVG7S7pUi
567,3CRDbSIZ4r5MsZ0YwxuEkn
568,0d28khcov6AiegSCpG5TuT
568,35SJAMEdYx6YNqCaFPInIp
568,16e6xoCgI27TS5DWi1LU3h
568,7IN4zUEZQJkyATFepIrNWP
568,566j2mk7SqZjDS4QfPyhyt
568,57pAxGQGYlN7QWbmw1Wq5G
568,05OU9yuLKyjvzcO9uE52cE
568,3V3z07iQcTOIdxvFHrydmo
568,4Uw245tl8lIeSSxoOxyzG8
568,0vqTxBjw8qINJidCeOScGQ
569,2N5zMZX7YeL1tico8oQxa9
569,6mS23RjnqRWF9Jcr38dr7P
569,2Vm5tifsV9X9Oao4izB4VL
570,4KtrE35pTuqwNc22QP58RT
570,150zGw0P2EJccYJKnFIler
570,765sQC7Bazh6ZeuWiB4vVK
573,4jURQLDdnZp6l3PsvxJaZk
573,4K0zMUoKybQpmyb9Y3y8mJ
573,0hO7mCsdaqsOLhVQDArkbc
575,7hmiDaBxoyLW094H8vup2S
576,7HzCxalzzYQOFb9a7Xs3j6
576,2bQvGBLfcYXSTMJih4qX1y
577,0EYVLScBOsMDamnGR9TnCQ
577,4mhlengtgunB43sq9WjQ8o
578,2N7xfo5AEHwqiW8TcSrIZf
578,7pPz728tZVIFWSfsvyLbUE
579,6vuwpMl38xfscWpoxquFiW
579,2FzutUc0FvAJhbkVIFHAkj
579,2N4s2Zo6cwtbwvJAun0V45
580,44Xgp13T5ab99beJ0edP6b
580,3RKoEm7jeSvGD7ZE5sbWFW
580,19uWNEk8zb9nnzEngFWHCh
580,5HshsyPYZfnpRkb94XJmh7
580,5H5kvzEmBLp13cfT8YW31j
581,1Z4UKak2eNteHFZkwiYPNz
581,6SWdELTwJE6cyVdoBEVAoH
581,0DG4673ZDofUo55MmTgkC2
581,3ceFoxO6p27O2jyEUDzYEG
582,1OHfhkv0asMP3O8vkQrw1T
583,2zsa7Z6gCA5eBg0p9pbyLs
583,6V5nMvQwsiyW7rEyZq3gfQ
583,6LQhlqmgzR3Bw9sXwQiMyG
583,7sHXjKdY85Om3i7NDlRRhr
583,1NsiLS856GMDKXpEMnAhk4
583,1OsWx8oPQ5fHtC2PRfuep7
584,0ogPvB4xroolQe1FFcYxFt
585,2JQm8NNpFkwvhuKH3yhuC9
585,3pKjD0PLFoX8qAC33OxjWl
585,18Spvct6klgWOmnD9lQdVd
585,7LQrqvPt720uZATEl0uxQd
585,1mH2YrAih9TGqzB56YCdBf
585,6SAkLQPUOOnu7xMRah1cSc
586,3iVcZ5G6tvkXZkZKlMpIUs
586,0ECs7wpW9157Tk5yBUGbE0
586,72yHa0Zcman8jBILFZHnpG
586,09aetZ3AsciHWEPR9gR7aq
587,3clX2NMmjaAHmBjeTSa9vV
587,5d8B2NIvXHDpYgLijrrCqg
588,6psC59ooTxage8npmtg74G
589,3ARXsO3ByxhfiFhI4bzohB
589,74NY5GJkjMTGCbLTwzAr18
590,3WJQDJH2MqZFJO0oknVHTf
591,2znzyzlAUc8Z1Ikq9aFOcx
591,4PWY72AubTjoZrohQt0pWn
591,7E8jojFn5X3OPPuTx6TmPe
591,2JCzk2MfvUZUf4FevnBlt1
592,13qqdlSeF8FcxsRyapDMZ0
592,5AyOI9eEmyMFwcAd3049HH
593,3srOaTBnt4SCup2BhVHOp6
593,6ntPfkANHOchpRUzjIduiN
594,1leXuBiWQMgbvOIIedqbLB
594,6ybI4l93T6PI6ARyUXMXEg
594,11WT1l4xl9ea0B3k0mykOO
594,3xbVLFFcodMTNlLb8wuPsC
594,4gj5InO1ScZEvU2AvLOR9D
594,4ZF9altj15jSNyDNjPKXiA
595,6ybI4l93T6PI6ARyUXMXEg
596,4LUu3bMpuxHjwPLj84rNSx
596,6jIGWu2my6bpv4jvNVKXwW
596,1D17MLY1m8MUpbMveEljMN
596,1Ue0kt73SYaDCg2SNyatuM
596,2DFSovYNGoeEEoP9xFGlep
596,0XYtMKkxbC8A9dDzmsXVKU
596,5TB4FmKwwpPtu54w6peJwt
596,3dZ3QY0R5gq9wO7621gqyK
596,5lfxS0kHX36WSmyAwXGuJr
597,7ldfz2uZ1WRwBk1k3cPQUj
597,64YehEcV0UUIiAfcFUQzp4
598,3e645nY8BjBWj7cmvX482d
598,6uvU4ou8L52pBxQdxcbjxu
598,49g3GLOINOGllHtK0Vd9gp
598,64YehEcV0UUIiAfcFUQzp4
599,2gpVdtEWFwUyl6uLLmvBzW
599,2IayfGKCEmzs59b3Cwaak8
599,1uF5RnyVVCw1WJgQuUILZ8
600,3labT48xWDOOR5dWUUPCkk
604,4HIIfMBb9NRAbfWLDJ0lLo
608,0UPsdEgJx6ypkfFUxD3ZHh
609,4woQ1mc7PzrQ39j0asLJrf
609,6aKw5QjAQgtxee3EzOWgdM
610,5PR09nMAHAOOklMQMJchch
610,2zIpgXDzKglfR37jokrfm8
